category,sub_id,sub_name,title,artist,videoId,url,license,source,length_sec,focus,origin
A 시스템,A1_prelude,프렐류드/타이틀,If Dogs Had A Theme Song,Alexander Nakarada,5Ha7ebhJ7N0,https://www.youtube.com/watch?v=5Ha7ebhJ7N0,CC BY 4.0,https://www.creatorchords.com/,1470,4,channel
A 시스템,A1_prelude,프렐류드/타이틀,Pocket Playground OST - Main Menu & Alts,Ben Burnes (Abstraction),n5zJLIH6VdA,https://www.youtube.com/watch?v=n5zJLIH6VdA,Free with attribution,https://abstractionmusic.com/,473,4,channel
A 시스템,A1_prelude,프렐류드/타이틀,Tron: Legacy Main Theme - Re-orchestrated (Orchestral Remix),Scott Buckley,LnfKij7ezr0,https://www.youtube.com/watch?v=LnfKij7ezr0,CC BY 4.0,https://www.scottbuckley.com.au/,435,4,channel
A 시스템,A1_prelude,프렐류드/타이틀,Alexandr Zhelanov - FP Main Menu (FREE TO USE),Alexandr Zhelanov,7P2mxYQrq90,https://www.youtube.com/watch?v=7P2mxYQrq90,CC BY 3.0/4.0,https://soundcloud.com/alexandr-zhelanov,293,4,channel
A 시스템,A1_prelude,프렐류드/타이틀,"Retro Bowl Theme Song - “8 Bit Joy!""",HeatleyBros,TdXFHKjJopI,https://www.youtube.com/watch?v=TdXFHKjJopI,Free with attribution,https://www.heatleybros.com/,287,4,channel
A 시스템,A1_prelude,프렐류드/타이틀,Through the Eyes of a Dragon - Draconia Main Theme,Vindsvept,hQqrSpwAOnU,https://www.youtube.com/watch?v=hQqrSpwAOnU,Free with attribution (non-commercial),https://vindsvept.bandcamp.com/,281,4,channel
A 시스템,A1_prelude,프렐류드/타이틀,ループ -黄昏 夜空 タイトルBGM by hitoshi /,Senses Circuit,HBzv__iPqxw,https://www.youtube.com/watch?v=HBzv__iPqxw,Free with attribution (senses-circuit.com),https://www.senses-circuit.com/,275,4,channel
A 시스템,A1_prelude,프렐류드/타이틀,Man Down,Kevin MacLeod,ZMLakJIiLwc,https://www.youtube.com/watch?v=ZMLakJIiLwc,CC BY 4.0,https://incompetech.com/,199,4,incompetech
A 시스템,A1_prelude,프렐류드/타이틀,Sad Piano Music Frozen Sword OST Main Theme,Darren Curtis,S8fGSRqvjts,https://www.youtube.com/watch?v=S8fGSRqvjts,Free with attribution,https://www.darrencurtismusic.com/,172,4,channel
A 시스템,A1_prelude,프렐류드/타이틀,Press Start /,Kyatto,vEdavg_cCQM,https://www.youtube.com/watch?v=vEdavg_cCQM,Free with attribution,https://www.youtube.com/@Kyatto,158,3,channel
A 시스템,A1_prelude,프렐류드/타이틀,半沢直樹 メインテーマ 恩返しバージョン,MusMus,GxUBRT-5p_g,https://www.youtube.com/watch?v=GxUBRT-5p_g,Free with attribution (musmus.main.jp),https://musmus.main.jp/,152,3,channel
A 시스템,A1_prelude,프렐류드/타이틀,Prelude I - Steven O'Brien,Steven O'Brien,wP1kXAmKLEY,https://www.youtube.com/watch?v=wP1kXAmKLEY,CC BY 4.0,https://www.steven-obrien.net/,114,3,channel
A 시스템,A1_prelude,프렐류드/타이틀,Project Sparrow (Main Title music),Meydän,O2ccaBSD-gA,https://www.youtube.com/watch?v=O2ccaBSD-gA,CC BY 4.0,https://meydan.bandcamp.com/,83,2,channel
A 시스템,A1_prelude,프렐류드/타이틀,BH03: Menu Screen - Aaron Krogh,Aaron Krogh,g3KMzlST4ms,https://www.youtube.com/watch?v=g3KMzlST4ms,Free with attribution,https://soundcloud.com/aaron-anderson-11,81,2,channel
A 시스템,A1_prelude,프렐류드/타이틀,Title Screen,Visager,P8bR3y1WugQ,https://www.youtube.com/watch?v=P8bR3y1WugQ,CC BY 4.0,https://visager.bandcamp.com/,75,2,channel
A 시스템,A1_prelude,프렐류드/타이틀,Kai Engel - Prelude - Bells in Heavy Clouds - Music,Kai Engel,m3Mm_jaBIVw,https://www.youtube.com/watch?v=m3Mm_jaBIVw,CC BY 4.0,https://www.kai-engel.com/,168,1,channel
A 시스템,A1_prelude,프렐류드/타이틀,タイトル画面にサイバー16,魔王魂 (森田交一),f6sO0PJPc28,https://www.youtube.com/watch?v=f6sO0PJPc28,Free with attribution (maou.audio terms),https://maou.audio/,51,1,channel
A 시스템,A1_prelude,프렐류드/타이틀,Wizards of Magic | Menu Theme for Video Games | by Tim Beek,Tim Beek,efAemh_44sk,https://www.youtube.com/watch?v=efAemh_44sk,Free with attribution (timbeek.com),https://timbeek.com/,42,1,channel
A 시스템,A1_prelude,프렐류드/타이틀,"1. ""Main Theme"" - Royalty Free Epic Game/Film Music",Alexander Nakarada,O0HUCAp_k9E,https://www.youtube.com/watch?v=O0HUCAp_k9E,CC BY 4.0,https://www.creatorchords.com/,74,2,channel
A 시스템,A1_prelude,프렐류드/타이틀,Star Trek Main Theme (Orchestral Mock-up),Scott Buckley,MMVf1agVFbY,https://www.youtube.com/watch?v=MMVf1agVFbY,CC BY 4.0,https://www.scottbuckley.com.au/,74,2,channel
A 시스템,A1_prelude,프렐류드/타이틀,Alexandr Zhelanov - Menu Theme,Alexandr Zhelanov,f4c4fh1R6JU,https://www.youtube.com/watch?v=f4c4fh1R6JU,CC BY 3.0/4.0,https://soundcloud.com/alexandr-zhelanov,65,2,channel
A 시스템,A1_prelude,프렐류드/타이틀,NFL Retro Bowl '25 Theme Song - “8 Bit Legend”,HeatleyBros,Z3Pw56IN0QM,https://www.youtube.com/watch?v=Z3Pw56IN0QM,Free with attribution,https://www.heatleybros.com/,257,4,channel
A 시스템,A1_prelude,프렐류드/타이틀,ループ -ゲーム開始・タイトル・オープニング by hitoshi /,Senses Circuit,FS08q75Fh-A,https://www.youtube.com/watch?v=FS08q75Fh-A,Free with attribution (senses-circuit.com),https://www.senses-circuit.com/,247,4,channel
A 시스템,A1_prelude,프렐류드/타이틀,Improved Ice Cream Truck Theme Song,Kevin MacLeod,2kWzOj25esk,https://www.youtube.com/watch?v=2kWzOj25esk,CC BY 4.0,https://incompetech.com/,52,1,channel
A 시스템,A1_prelude,프렐류드/타이틀,"""Essence Of War"" Video Game Opening Theme",Darren Curtis,8_KU9O1s-3Y,https://www.youtube.com/watch?v=8_KU9O1s-3Y,Free with attribution,https://www.darrencurtismusic.com/,168,3,channel
A 시스템,A1_prelude,프렐류드/타이틀,"Prelude No. 8 in F-sharp minor, Op. 2h - Steven O'Brien",Steven O'Brien,bBEheNZlQUU,https://www.youtube.com/watch?v=bBEheNZlQUU,CC BY 4.0,https://www.steven-obrien.net/,62,2,channel
A 시스템,A1_prelude,프렐류드/타이틀,If Dog Breeds Had A Theme Song,Alexander Nakarada,kZ7GooKFt5Q,https://www.youtube.com/watch?v=kZ7GooKFt5Q,CC BY 4.0,https://www.creatorchords.com/,66,2,channel
A 시스템,A1_prelude,프렐류드/타이틀,Stargate SG-1 Main Theme (Orchestral Mock-up),Scott Buckley,bX5aCJbksGg,https://www.youtube.com/watch?v=bX5aCJbksGg,CC BY 4.0,https://www.scottbuckley.com.au/,67,2,channel
A 시스템,A1_prelude,프렐류드/타이틀,Alexandr Zhelanov - Buest Main Menu (Buest: Fury Of The North OST 2020),Alexandr Zhelanov,SqXbQWgfo_0,https://www.youtube.com/watch?v=SqXbQWgfo_0,CC BY 3.0/4.0,https://soundcloud.com/alexandr-zhelanov,87,1,channel
A 시스템,A1_prelude,프렐류드/타이틀,"Retro Slam Tennis Theme Song - ""8 Bit Tennis""",HeatleyBros,kOfL1jhMTl8,https://www.youtube.com/watch?v=kOfL1jhMTl8,Free with attribution,https://www.heatleybros.com/,251,4,channel
A 시스템,A1_prelude,프렐류드/타이틀,ループ -回想・タイトル・切ないBGM by hitoshi /,Senses Circuit,Q7K1uAVS0E4,https://www.youtube.com/watch?v=Q7K1uAVS0E4,Free with attribution (senses-circuit.com),https://www.senses-circuit.com/,151,3,channel
A 시스템,A1_prelude,프렐류드/타이틀,Halloween Main Theme Epic Orchestral Remix,Darren Curtis,oww5iozvCmU,https://www.youtube.com/watch?v=oww5iozvCmU,Free with attribution,https://www.darrencurtismusic.com/,159,3,channel
A 시스템,A1_prelude,프렐류드/타이틀,"NFL Retro Bowl '27 Theme Song - ""8 Bit Sport""",HeatleyBros,c0R0TeALd0U,https://www.youtube.com/watch?v=c0R0TeALd0U,Free with attribution,https://www.heatleybros.com/,246,4,channel
A 시스템,A1_prelude,프렐류드/타이틀,Retro Bowl College Theme Song - “8 Bit Life”,HeatleyBros,orQOPJMy9Ww,https://www.youtube.com/watch?v=orQOPJMy9Ww,Free with attribution,https://www.heatleybros.com/,244,4,channel
A 시스템,A1_prelude,프렐류드/타이틀,"""Press Start!"" Upbeat Inspiring Chiptune Game Music",HeatleyBros,LFwB-Hk1350,https://www.youtube.com/watch?v=LFwB-Hk1350,Free with attribution,https://www.heatleybros.com/,237,4,channel
A 시스템,A1_prelude,프렐류드/타이틀,"""8 Bit Street!"" Appel Theme Song",HeatleyBros,kGemKgdFYWg,https://www.youtube.com/watch?v=kGemKgdFYWg,Free with attribution,https://www.heatleybros.com/,205,4,channel
A 시스템,A1_prelude,프렐류드/타이틀,"NFL Retro Bowl '26 Theme Song - ""8 Bit Action""",HeatleyBros,wZU0CDx4NVY,https://www.youtube.com/watch?v=wZU0CDx4NVY,Free with attribution,https://www.heatleybros.com/,243,2,channel
A 시스템,A1_prelude,프렐류드/타이틀,'One Eye on the Stars' -- Star Trek: Picard Main Theme -- Re-orchestrated,Scott Buckley,4STVg5APNzg,https://www.youtube.com/watch?v=4STVg5APNzg,CC BY 4.0,https://www.scottbuckley.com.au/,123,3,channel
A 시스템,A1_prelude,프렐류드/타이틀,Frozen Sword Title Theme: Frozen Sword Soundtrack,Darren Curtis,4V1vT_vXmBE,https://www.youtube.com/watch?v=4V1vT_vXmBE,Free with attribution,https://www.darrencurtismusic.com/,174,3,channel
A 시스템,A2_victory,승리 팡파레,Fretless,Kevin MacLeod,-9TuLJTwKi8,https://www.youtube.com/watch?v=-9TuLJTwKi8,CC BY 4.0,https://incompetech.com/,336,2,incompetech
A 시스템,A2_victory,승리 팡파레,"Alpha Hydrae- Keratine, rust and clear soul",Loyalty Freak Music / Komiku,-LW6nQtXe10,https://www.youtube.com/watch?v=-LW6nQtXe10,CC0,https://loyaltyfreakmusic.com/,304,2,channel
A 시스템,A2_victory,승리 팡파레,Clear Waters - Orchestra/Background,TeknoAXE,nuQehxoLYWU,https://www.youtube.com/watch?v=nuQehxoLYWU,CC BY 4.0,https://teknoaxe.com/,216,2,channel
A 시스템,A2_victory,승리 팡파레,'Victor Lux' Inspirational Orchestral,Scott Buckley,01PUw8l9fi4,https://www.youtube.com/watch?v=01PUw8l9fi4,CC BY 4.0,https://www.scottbuckley.com.au/,203,2,channel
A 시스템,A2_victory,승리 팡파레,"Victory Lap - 2HTC, Season 24",Ben Burnes (Abstraction),9JzPqUQ9l5E,https://www.youtube.com/watch?v=9JzPqUQ9l5E,Free with attribution,https://abstractionmusic.com/,200,2,channel
A 시스템,A2_victory,승리 팡파레,"Uplifting Corporate Beat ""Keys for Success""",Darren Curtis,wl5gSXKcG1Q,https://www.youtube.com/watch?v=wl5gSXKcG1Q,Free with attribution,https://www.darrencurtismusic.com/,191,2,channel
A 시스템,A2_victory,승리 팡파레,Free Fanfare & Gentle Orchestral Music “Departure”,PeriTune,ViL66pqdEqc,https://www.youtube.com/watch?v=ViL66pqdEqc,CC BY 4.0,https://peritune.com/,161,2,channel
A 시스템,A2_victory,승리 팡파레,"NFL Retro Bowl '25 Super Bowl Victory Theme Song - ""8 Bit Victory""",HeatleyBros,HnSKC1UlYO8,https://www.youtube.com/watch?v=HnSKC1UlYO8,Free with attribution,https://www.heatleybros.com/,162,1,channel
A 시스템,A2_victory,승리 팡파레,Road to Victory,DOVA-SYNDROME (official),bmRduWbBm2Q,https://www.youtube.com/watch?v=bmRduWbBm2Q,Free (DOVA-SYNDROME license),https://dova-s.jp/,157,1,channel
A 시스템,A2_victory,승리 팡파레,The Triumph of Technology v001,Eric Matyas (Soundimage.org),j1O76ckTjU4,https://www.youtube.com/watch?v=j1O76ckTjU4,Free with attribution,https://soundimage.org/,149,1,channel
A 시스템,A2_victory,승리 팡파레,Alexandr Zhelanov - Win or Die,Alexandr Zhelanov,HYd1vv0FriQ,https://www.youtube.com/watch?v=HYd1vv0FriQ,CC BY 3.0/4.0,https://soundcloud.com/alexandr-zhelanov,147,1,channel
A 시스템,A2_victory,승리 팡파레,ループ -成功・勝利・クリアBGM by hitoshi /,Senses Circuit,DHDkLGw_Aa0,https://www.youtube.com/watch?v=DHDkLGw_Aa0,Free with attribution (senses-circuit.com),https://www.senses-circuit.com/,140,1,channel
A 시스템,A2_victory,승리 팡파레,Background Music // Heroic Fanfare,Alexander Nakarada,_33UPAjRXkQ,https://www.youtube.com/watch?v=_33UPAjRXkQ,CC BY 4.0,https://www.creatorchords.com/,97,1,channel
A 시스템,A2_victory,승리 팡파레,Victory of Angels,Tim Beek,hmA-DPbPS_E,https://www.youtube.com/watch?v=hmA-DPbPS_E,Free with attribution (timbeek.com),https://timbeek.com/,70,1,channel
A 시스템,A2_victory,승리 팡파레,Despair and Triumph,Kevin MacLeod,LYxzxcRimLA,https://www.youtube.com/watch?v=LYxzxcRimLA,CC BY 4.0,https://incompetech.com/,283,2,incompetech
A 시스템,A2_victory,승리 팡파레,'Clear Skies' Uplifting Orchestral,Scott Buckley,5XEotddQbPY,https://www.youtube.com/watch?v=5XEotddQbPY,CC BY 4.0,https://www.scottbuckley.com.au/,196,2,channel
A 시스템,A2_victory,승리 팡파레,"Music for Battle ""You'll Ne Win"" Free Epic Cinematic Theme for Games and Movies",Darren Curtis,-3OdXB9lP5Y,https://www.youtube.com/watch?v=-3OdXB9lP5Y,Free with attribution,https://www.darrencurtismusic.com/,135,1,channel
A 시스템,A2_victory,승리 팡파레,"""8 Bit Win!"" Victorious Chiptune As Featured in 빵빵이의 일상 (Bbangbbang's Daily Life)",HeatleyBros,vX1xq4Ud2z8,https://www.youtube.com/watch?v=vX1xq4Ud2z8,Free with attribution,https://www.heatleybros.com/,141,1,channel
A 시스템,A2_victory,승리 팡파레,The Triumph of the Clock Maker,Eric Matyas (Soundimage.org),gTA8RolsjqQ,https://www.youtube.com/watch?v=gTA8RolsjqQ,Free with attribution,https://soundimage.org/,51,1,channel
A 시스템,A2_victory,승리 팡파레,Alexandr Zhelanov - Triumph (FREE TO USE),Alexandr Zhelanov,Bf94Rym_yAY,https://www.youtube.com/watch?v=Bf94Rym_yAY,CC BY 3.0/4.0,https://soundcloud.com/alexandr-zhelanov,53,1,channel
A 시스템,A2_victory,승리 팡파레,ループ -成功 クリア ボーナスステージBGM by hitoshi /,Senses Circuit,ABgtG08rIkg,https://www.youtube.com/watch?v=ABgtG08rIkg,Free with attribution (senses-circuit.com),https://www.senses-circuit.com/,140,1,channel
A 시스템,A2_victory,승리 팡파레,"9. ""We Are Victorious!"" - Royalty Free Epic Game/Film Music",Alexander Nakarada,rarAHAuASIc,https://www.youtube.com/watch?v=rarAHAuASIc,CC BY 4.0,https://www.creatorchords.com/,89,1,channel
A 시스템,A2_victory,승리 팡파레,Fireflies and Stardust,Kevin MacLeod,0c6KrogjGKI,https://www.youtube.com/watch?v=0c6KrogjGKI,CC BY 4.0,https://incompetech.com/,255,2,incompetech
A 시스템,A2_victory,승리 팡파레,"""HAPPY VICTORY!"" 10,000 SUBS Victory Song!",HeatleyBros,_sBrZVblrKs,https://www.youtube.com/watch?v=_sBrZVblrKs,Free with attribution,https://www.heatleybros.com/,78,1,channel
A 시스템,A2_victory,승리 팡파레,Clear Deep Blue by hitoshi /,Senses Circuit,0ePhikjRVlk,https://www.youtube.com/watch?v=0ePhikjRVlk,Free with attribution (senses-circuit.com),https://www.senses-circuit.com/,135,1,channel
A 시스템,A2_victory,승리 팡파레,Clear Blue Sky ( Ready),Alexander Nakarada,zdDv96xm4Fc,https://www.youtube.com/watch?v=zdDv96xm4Fc,CC BY 4.0,https://www.creatorchords.com/,79,1,channel
A 시스템,A2_victory,승리 팡파레,On Hold for You,Kevin MacLeod,pc_xWN-sUh4,https://www.youtube.com/watch?v=pc_xWN-sUh4,CC BY 4.0,https://incompetech.com/,218,2,incompetech
A 시스템,A2_victory,승리 팡파레,ループ -かわいい パスワード入力 勝利後ループ by hitoshi /,Senses Circuit,jiF8J1tn-yU,https://www.youtube.com/watch?v=jiF8J1tn-yU,Free with attribution (senses-circuit.com),https://www.senses-circuit.com/,125,1,channel
A 시스템,A2_victory,승리 팡파레,Orchestral Fanfare → Fanfare X,Alexander Nakarada,kmXnfkqNtq0,https://www.youtube.com/watch?v=kmXnfkqNtq0,CC BY 4.0,https://www.creatorchords.com/,79,1,channel
A 시스템,A2_victory,승리 팡파레,Winner Winner!,Kevin MacLeod,pOwqrm5dDcg,https://www.youtube.com/watch?v=pOwqrm5dDcg,CC BY 4.0,https://incompetech.com/,198,2,incompetech
A 시스템,A2_victory,승리 팡파레,ループ -流れ星 希望 勝利後ループBGM by hitoshi /,Senses Circuit,oVvz4NVBmbU,https://www.youtube.com/watch?v=oVvz4NVBmbU,Free with attribution (senses-circuit.com),https://www.senses-circuit.com/,110,1,channel
A 시스템,A2_victory,승리 팡파레,Orchestral Fanfare → Victory! ( ),Alexander Nakarada,7VYjIJMZfo8,https://www.youtube.com/watch?v=7VYjIJMZfo8,CC BY 4.0,https://www.creatorchords.com/,40,1,channel
A 시스템,A2_victory,승리 팡파레,Christmas Rap,Kevin MacLeod,kOqyC8h2_-M,https://www.youtube.com/watch?v=kOqyC8h2_-M,CC BY 4.0,https://incompetech.com/,187,2,incompetech
A 시스템,A2_victory,승리 팡파레,Delightful D,Kevin MacLeod,7uBohM8hlds,https://www.youtube.com/watch?v=7uBohM8hlds,CC BY 4.0,https://incompetech.com/,184,2,incompetech
A 시스템,A2_victory,승리 팡파레,Neon Laser Horizon,Kevin MacLeod,EYcAo2DGoKU,https://www.youtube.com/watch?v=EYcAo2DGoKU,CC BY 4.0,https://incompetech.com/,178,1,incompetech
A 시스템,A2_victory,승리 팡파레,Fife and Drum,Kevin MacLeod,3SOqOilkVWk,https://www.youtube.com/watch?v=3SOqOilkVWk,CC BY 4.0,https://incompetech.com/,59,1,incompetech
A 시스템,A2_victory,승리 팡파레,Ashton Manor,Kevin MacLeod,UdpFVACjzXM,https://www.youtube.com/watch?v=UdpFVACjzXM,CC BY 4.0,https://incompetech.com/,44,1,incompetech
A 시스템,A2_victory,승리 팡파레,The Curtain Rises,Kevin MacLeod,xHsdvIk6ib8,https://www.youtube.com/watch?v=xHsdvIk6ib8,CC BY 4.0,https://incompetech.com/,28,1,incompetech
A 시스템,A2_victory,승리 팡파레,Farm,Kevin MacLeod,Dx2P1Y3fo3g,https://www.youtube.com/watch?v=Dx2P1Y3fo3g,CC BY 4.0,https://incompetech.com/,292,2,incompetech
A 시스템,A2_victory,승리 팡파레,"Epic Uplifting Victory Music - ""Glory"" - Royalty",Alexander Nakarada,5mnxU2xVXpM,https://www.youtube.com/watch?v=5mnxU2xVXpM,CC BY 4.0,https://www.creatorchords.com/,172,1,channel
A 시스템,A3_levelup,레벨업/획득,The Sky of our Ancestors,Kevin MacLeod,ea1CuVPb_NI,https://www.youtube.com/watch?v=ea1CuVPb_NI,CC BY 4.0,https://incompetech.com/,431,2,incompetech
A 시스템,A3_levelup,레벨업/획득,Found Poetry,Nihilore,w3cTB_xsuQs,https://www.youtube.com/watch?v=w3cTB_xsuQs,CC BY 4.0,https://www.nihilore.com/,351,2,channel
A 시스템,A3_levelup,레벨업/획득,"Team Level Up Theme Song -""8 Bit Power!""",HeatleyBros,UJ9NbyPFTvY,https://www.youtube.com/watch?v=UJ9NbyPFTvY,Free with attribution,https://www.heatleybros.com/,320,2,channel
A 시스템,A3_levelup,레벨업/획득,Piano Improvisation (Groupees.com Top Contributors Reward),Alexander Nakarada,G8hF55et0vU,https://www.youtube.com/watch?v=G8hF55et0vU,CC BY 4.0,https://www.creatorchords.com/,300,2,channel
A 시스템,A3_levelup,레벨업/획득,Kai Engel - Nothing (Bonus Track) - Music,Kai Engel,MHB9-rCLQgY,https://www.youtube.com/watch?v=MHB9-rCLQgY,CC BY 4.0,https://www.kai-engel.com/,293,2,channel
A 시스템,A3_levelup,레벨업/획득,Low Rez Bells that Jingle - Lo Fi Christmas,TeknoAXE,LfN_0ubvVeE,https://www.youtube.com/watch?v=LfN_0ubvVeE,CC BY 4.0,https://teknoaxe.com/,257,2,channel
A 시스템,A3_levelup,레벨업/획득,Pirate Music - Buried Treasure,Derek & Brandon Fiechter,odeOHM_RjYo,https://www.youtube.com/watch?v=odeOHM_RjYo,Free with attribution (non-commercial),https://www.youtube.com/@Fiechters,212,2,channel
A 시스템,A3_levelup,레벨업/획득,Komiku - Un coin loin du monde,Loyalty Freak Music / Komiku,w8dDjJBNTHg,https://www.youtube.com/watch?v=w8dDjJBNTHg,CC0,https://loyaltyfreakmusic.com/,212,2,channel
A 시스템,A3_levelup,레벨업/획득,"RPG Battle Result Jingle & BGM (Celtic) ""Result_Celtic""",PeriTune,_YFGbbITKIs,https://www.youtube.com/watch?v=_YFGbbITKIs,CC BY 4.0,https://peritune.com/,172,1,channel
A 시스템,A3_levelup,레벨업/획득,Chime Chase,Ross Bugden,M36NSngoYzI,https://www.youtube.com/watch?v=M36NSngoYzI,Free with attribution,https://www.youtube.com/@RossBugden,132,1,channel
A 시스템,A3_levelup,레벨업/획득,Pocket Playground OST - Coin Quest,Ben Burnes (Abstraction),EvyusSHSOVs,https://www.youtube.com/watch?v=EvyusSHSOVs,Free with attribution,https://abstractionmusic.com/,128,1,channel
A 시스템,A3_levelup,레벨업/획득,レベルアップ かえるのうたをどんどんおしゃれにしていく動画,ハヤシユウ,YNYFygazljA,https://www.youtube.com/watch?v=YNYFygazljA,Free (DOVA-SYNDROME license),https://dova-s.jp/,124,1,channel
A 시스템,A3_levelup,레벨업/획득,Treasure in the heart,DOVA-SYNDROME (official),NJ24DHzqfrc,https://www.youtube.com/watch?v=NJ24DHzqfrc,Free (DOVA-SYNDROME license),https://dova-s.jp/,115,1,channel
A 시스템,A3_levelup,레벨업/획득,Meydän - Unlocked,Meydän,7zPbWjMm6jQ,https://www.youtube.com/watch?v=7zPbWjMm6jQ,CC BY 4.0,https://meydan.bandcamp.com/,111,1,channel
A 시스템,A3_levelup,레벨업/획득,Sergey Cheremisinov - The Signals - She Wolf In My Heart (bonus) ( music),Sergey Cheremisinov,0GAxlpz6Bww,https://www.youtube.com/watch?v=0GAxlpz6Bww,CC BY 4.0,https://www.cheremisinov.com/,105,1,channel
A 시스템,A3_levelup,레벨업/획득,Of Puzzles and Treasure,Eric Matyas (Soundimage.org),VeTMyQ_BOZE,https://www.youtube.com/watch?v=VeTMyQ_BOZE,Free with attribution,https://soundimage.org/,103,1,channel
A 시스템,A3_levelup,레벨업/획득,"Wintry Holiday Music ""A Season to Remember"" Free Christmas Jingle Bells, Horns and Strings",Darren Curtis,JL44xjhg16E,https://www.youtube.com/watch?v=JL44xjhg16E,Free with attribution,https://www.darrencurtismusic.com/,88,1,channel
A 시스템,A3_levelup,레벨업/획득,Jingle Bells 8Bit,Tim Beek,ZX4Q1EF9tzQ,https://www.youtube.com/watch?v=ZX4Q1EF9tzQ,Free with attribution (timbeek.com),https://timbeek.com/,64,1,channel
A 시스템,A3_levelup,레벨업/획득,"Dad's Cookies Jingle - CFCN 12"" acetate",Lee Rosevere,8CNj-mevWxs,https://www.youtube.com/watch?v=8CNj-mevWxs,CC BY 4.0,https://leerosevere.bandcamp.com/,34,1,channel
A 시스템,A3_levelup,레벨업/획득,Sil Flame,Kevin MacLeod,qH_HfGeD1q0,https://www.youtube.com/watch?v=qH_HfGeD1q0,CC BY 4.0,https://incompetech.com/,396,2,incompetech
A 시스템,A3_levelup,레벨업/획득,"Level Up Theme Song ""8 Bit Summer!""",HeatleyBros,TiE9Vvmlxew,https://www.youtube.com/watch?v=TiE9Vvmlxew,Free with attribution,https://www.heatleybros.com/,164,1,channel
A 시스템,A3_levelup,레벨업/획득,Jingle Bells (Remastered) - Royalty Free Christmas Metal,Alexander Nakarada,upN1wn1BUiw,https://www.youtube.com/watch?v=upN1wn1BUiw,CC BY 4.0,https://www.creatorchords.com/,197,1,channel
A 시스템,A3_levelup,레벨업/획득,Kai Engel - Something (Bonus Track) - Music,Kai Engel,6UqEG_TmkZU,https://www.youtube.com/watch?v=6UqEG_TmkZU,CC BY 4.0,https://www.kai-engel.com/,272,2,channel
A 시스템,A3_levelup,레벨업/획득,"Antique Romance & Variety Jingle ""Jingle_Retro""",PeriTune,Cd9VpR_YJk0,https://www.youtube.com/watch?v=Cd9VpR_YJk0,CC BY 4.0,https://peritune.com/,54,1,channel
A 시스템,A3_levelup,레벨업/획득,♩♫ Epic Adventure Music ♪♬ - Treasure Hunter (Copyright and Royalty Free),Ross Bugden,OOcKiROA2UE,https://www.youtube.com/watch?v=OOcKiROA2UE,Free with attribution,https://www.youtube.com/@RossBugden,129,1,channel
A 시스템,A3_levelup,레벨업/획득,Coin Op Chaos,Eric Matyas (Soundimage.org),02ycFaOIJn4,https://www.youtube.com/watch?v=02ycFaOIJn4,Free with attribution,https://soundimage.org/,82,1,channel
A 시스템,A3_levelup,레벨업/획득,Infinite Perspective,Kevin MacLeod,UGOfGUC4o-w,https://www.youtube.com/watch?v=UGOfGUC4o-w,CC BY 4.0,https://incompetech.com/,345,2,incompetech
A 시스템,A3_levelup,레벨업/획득,Epic Soundtrack → Achievement ( !),Alexander Nakarada,Met7W0G42O0,https://www.youtube.com/watch?v=Met7W0G42O0,CC BY 4.0,https://www.creatorchords.com/,118,1,channel
A 시스템,A3_levelup,레벨업/획득,Kai Engel - Walking Barefoot on Grass (Bonus) - Music,Kai Engel,IhANZVipqfo,https://www.youtube.com/watch?v=IhANZVipqfo,CC BY 4.0,https://www.kai-engel.com/,134,1,channel
A 시스템,A3_levelup,레벨업/획득,"Halloween Jingle ""Jingle_Halloween1-5""",PeriTune,Lryrm9lTZUE,https://www.youtube.com/watch?v=Lryrm9lTZUE,CC BY 4.0,https://peritune.com/,38,1,channel
A 시스템,A3_levelup,레벨업/획득,Coin Op Chaos 2,Eric Matyas (Soundimage.org),ajLAT5ovkKw,https://www.youtube.com/watch?v=ajLAT5ovkKw,Free with attribution,https://soundimage.org/,53,1,channel
A 시스템,A3_levelup,레벨업/획득,Morgana Rides,Kevin MacLeod,-dEn77yy_1U,https://www.youtube.com/watch?v=-dEn77yy_1U,CC BY 4.0,https://incompetech.com/,246,2,incompetech
A 시스템,A3_levelup,레벨업/획득,"Royalty Free Uplifting Jingle - ""Intro of Joy""",Alexander Nakarada,Blsmiy_OwGg,https://www.youtube.com/watch?v=Blsmiy_OwGg,CC BY 4.0,https://www.creatorchords.com/,50,1,channel
A 시스템,A3_levelup,레벨업/획득,Vanishing,Kevin MacLeod,giYmsarZNnA,https://www.youtube.com/watch?v=giYmsarZNnA,CC BY 4.0,https://incompetech.com/,235,2,incompetech
A 시스템,A3_levelup,레벨업/획득,Anamalie,Kevin MacLeod,m2TAuiHOHtI,https://www.youtube.com/watch?v=m2TAuiHOHtI,CC BY 4.0,https://incompetech.com/,208,2,incompetech
A 시스템,A3_levelup,레벨업/획득,Angel Share,Kevin MacLeod,BXNVfXbsxWg,https://www.youtube.com/watch?v=BXNVfXbsxWg,CC BY 4.0,https://incompetech.com/,201,2,incompetech
A 시스템,A3_levelup,레벨업/획득,Wretched Destroyer,Kevin MacLeod,vDaVmGkxYlg,https://www.youtube.com/watch?v=vDaVmGkxYlg,CC BY 4.0,https://incompetech.com/,198,2,incompetech
A 시스템,A3_levelup,레벨업/획득,Paradise Found,Kevin MacLeod,trcowwPXeTk,https://www.youtube.com/watch?v=trcowwPXeTk,CC BY 4.0,https://incompetech.com/,187,2,incompetech
A 시스템,A3_levelup,레벨업/획득,March of the Spoons,Kevin MacLeod,JFxJdBhP5dc,https://www.youtube.com/watch?v=JFxJdBhP5dc,CC BY 4.0,https://incompetech.com/,186,2,incompetech
A 시스템,A3_levelup,레벨업/획득,Se e Tire Damage,Kevin MacLeod,idYLrXeM8DQ,https://www.youtube.com/watch?v=idYLrXeM8DQ,CC BY 4.0,https://incompetech.com/,412,1,incompetech
A 시스템,A4_inn,여관/회복/휴식,Concentration,Kevin MacLeod,7WUI1zQ5O_0,https://www.youtube.com/watch?v=7WUI1zQ5O_0,CC BY 4.0,https://incompetech.com/,1793,5,incompetech
A 시스템,A4_inn,여관/회복/휴식,"Beautiful Japanese Healing Music ""Shizima4",PeriTune,JN6GD_5OHlE,https://www.youtube.com/watch?v=JN6GD_5OHlE,CC BY 4.0,https://peritune.com/,1090,5,channel
A 시스템,A4_inn,여관/회복/휴식,Healing from 10 Minute Meditations,Lee Rosevere,erd_ZIDLuWk,https://www.youtube.com/watch?v=erd_ZIDLuWk,CC BY 4.0,https://leerosevere.bandcamp.com/,601,5,channel
A 시스템,A4_inn,여관/회복/휴식,All The Stars feat. Ashley - Relaxing Music for meditation and sleep,cynicmusic (Alex Smith),yvywO-0Xvt8,https://www.youtube.com/watch?v=yvywO-0Xvt8,CC0 / CC BY,https://cynicmusic.com/,599,5,channel
A 시스템,A4_inn,여관/회복/휴식,Deep Sleep of the Elven King - Celtic/Fantasy Music,Vindsvept,LzteZIJios8,https://www.youtube.com/watch?v=LzteZIJios8,Free with attribution (non-commercial),https://vindsvept.bandcamp.com/,532,5,channel
A 시스템,A4_inn,여관/회복/휴식,7-Lucky Inn- Alpha Hydrae,Loyalty Freak Music / Komiku,eVcfFejQ_mw,https://www.youtube.com/watch?v=eVcfFejQ_mw,CC0,https://loyaltyfreakmusic.com/,495,5,channel
A 시스템,A4_inn,여관/회복/휴식,Dark Mystery Music - Orc Camp 🧌,Derek & Brandon Fiechter,0M7_OqIRd1U,https://www.youtube.com/watch?v=0M7_OqIRd1U,Free with attribution (non-commercial),https://www.youtube.com/@Fiechters,489,5,channel
A 시스템,A4_inn,여관/회복/휴식,Healing,Nihilore,PTGmJ9dGU3o,https://www.youtube.com/watch?v=PTGmJ9dGU3o,CC BY 4.0,https://www.nihilore.com/,324,5,channel
A 시스템,A4_inn,여관/회복/휴식,ヒーリング11 静かなる旅立,魔王魂 (森田交一),cw1wzsS_w_k,https://www.youtube.com/watch?v=cw1wzsS_w_k,Free with attribution (maou.audio terms),https://maou.audio/,323,5,channel
A 시스템,A4_inn,여관/회복/휴식,Get plenty of rest,DOVA-SYNDROME (official),RI9D3kARgd0,https://www.youtube.com/watch?v=RI9D3kARgd0,Free (DOVA-SYNDROME license),https://dova-s.jp/,274,5,channel
A 시스템,A4_inn,여관/회복/휴식,❰Chillstep❱ Sappheiros - Lullaby Thank you for 1k subs!,Sappheiros,OaCU_z9eGOk,https://www.youtube.com/watch?v=OaCU_z9eGOk,CC BY 3.0,https://soundcloud.com/sappheirosmusic,266,5,channel
A 시스템,A4_inn,여관/회복/휴식,癒しのBGM 星寂の散歩道,H/MIX GALLERY (秋山裕和),SyjHiRGe2eM,https://www.youtube.com/watch?v=SyjHiRGe2eM,Free with attribution (hmix.net terms),http://www.hmix.net/,254,5,channel
A 시스템,A4_inn,여관/회복/휴식,"Sleep is the Only Thing I Can Think Of - 2HTC, Season 21",Ben Burnes (Abstraction),a8ezmBn3H10,https://www.youtube.com/watch?v=a8ezmBn3H10,Free with attribution,https://abstractionmusic.com/,250,5,channel
A 시스템,A4_inn,여관/회복/휴식,♩♫ Happy and Inspirational Music ♪♬ - Bedtime Stories (Copyright and Royalty Free),Ross Bugden,XVHVFwwuOa0,https://www.youtube.com/watch?v=XVHVFwwuOa0,Free with attribution,https://www.youtube.com/@RossBugden,233,5,channel
A 시스템,A4_inn,여관/회복/휴식,Celtic Christmas → God Rest Ye Merry Celtishmen,Alexander Nakarada,00gBMXZLELA,https://www.youtube.com/watch?v=00gBMXZLELA,CC BY 4.0,https://www.creatorchords.com/,217,5,channel
A 시스템,A4_inn,여관/회복/휴식,Sergey Cheremisinov - Northern Lullaby ( music),Sergey Cheremisinov,ptWBrYwyXOs,https://www.youtube.com/watch?v=ptWBrYwyXOs,CC BY 4.0,https://www.cheremisinov.com/,193,5,channel
A 시스템,A4_inn,여관/회복/휴식,"Dark Music Box ""Engulfed by the Night"" Alternate Creepy Lullaby Royalty Free Theme",Darren Curtis,D7K39kWvydg,https://www.youtube.com/watch?v=D7K39kWvydg,Free with attribution,https://www.darrencurtismusic.com/,190,5,channel
A 시스템,A4_inn,여관/회복/휴식,'Sleep' Dreamy Piano + Strings,Scott Buckley,VSY6i5iSwmY,https://www.youtube.com/watch?v=VSY6i5iSwmY,CC BY 4.0,https://www.scottbuckley.com.au/,185,5,channel
A 시스템,A4_inn,여관/회복/휴식,Lullaby /,Kyatto,7gC1Gf6NDQQ,https://www.youtube.com/watch?v=7gC1Gf6NDQQ,Free with attribution,https://www.youtube.com/@Kyatto,182,5,channel
A 시스템,A4_inn,여관/회복/휴식,Outdoor Healing,Eric Matyas (Soundimage.org),WNG0rX7nbC4,https://www.youtube.com/watch?v=WNG0rX7nbC4,Free with attribution,https://soundimage.org/,119,5,channel
A 시스템,A4_inn,여관/회복/휴식,Sleep Room,Visager,spIJGBz7wdU,https://www.youtube.com/watch?v=spIJGBz7wdU,CC BY 4.0,https://visager.bandcamp.com/,85,5,channel
A 시스템,A4_inn,여관/회복/휴식,E Mindful,Kevin MacLeod,WAlKCm3xRMY,https://www.youtube.com/watch?v=WAlKCm3xRMY,CC BY 4.0,https://incompetech.com/,1599,5,incompetech
A 시스템,A4_inn,여관/회복/휴식,"""Taohua"" Chinese style calm background music",PeriTune,XUSywmokUwc,https://www.youtube.com/watch?v=XUSywmokUwc,CC BY 4.0,https://peritune.com/,678,5,channel
A 시스템,A4_inn,여관/회복/휴식,Cozy cat - slowed + re b,Lee Rosevere,thxlC6HcOU0,https://www.youtube.com/watch?v=thxlC6HcOU0,CC BY 4.0,https://leerosevere.bandcamp.com/,306,5,channel
A 시스템,A4_inn,여관/회복/휴식,Life Below (feat. The Windswept Inn Discord Choir),Vindsvept,JmAJJkVSoAg,https://www.youtube.com/watch?v=JmAJJkVSoAg,Free with attribution (non-commercial),https://vindsvept.bandcamp.com/,268,5,channel
A 시스템,A4_inn,여관/회복/휴식,Relaxing Spooky Music - Rest in Vampire Castle 🧛,Derek & Brandon Fiechter,jVtVaLYbAKs,https://www.youtube.com/watch?v=jVtVaLYbAKs,Free with attribution (non-commercial),https://www.youtube.com/@Fiechters,364,5,channel
A 시스템,A4_inn,여관/회복/휴식,ヒーリング12 雨のように,魔王魂 (森田交一),lbtZfQZtvg4,https://www.youtube.com/watch?v=lbtZfQZtvg4,Free with attribution (maou.audio terms),https://maou.audio/,316,5,channel
A 시스템,A4_inn,여관/회복/휴식,Peaceful rest,DOVA-SYNDROME (official),LQKIKoryI4U,https://www.youtube.com/watch?v=LQKIKoryI4U,Free (DOVA-SYNDROME license),https://dova-s.jp/,241,5,channel
A 시스템,A4_inn,여관/회복/휴식,森のゆりかご 心が落ち着く癒しのBGM,H/MIX GALLERY (秋山裕和),-sbIfabN-D8,https://www.youtube.com/watch?v=-sbIfabN-D8,Free with attribution (hmix.net terms),http://www.hmix.net/,247,5,channel
A 시스템,A4_inn,여관/회복/휴식,"Rest for the Weary - 2HTC, Season 25",Ben Burnes (Abstraction),Syu-nd7i9wo,https://www.youtube.com/watch?v=Syu-nd7i9wo,Free with attribution,https://abstractionmusic.com/,236,5,channel
A 시스템,A4_inn,여관/회복/휴식,"""Putin's Lullaby"" Royalty Free Cinematic Music",Alexander Nakarada,2IiWimpZrKU,https://www.youtube.com/watch?v=2IiWimpZrKU,CC BY 4.0,https://www.creatorchords.com/,127,5,channel
A 시스템,A4_inn,여관/회복/휴식,Sergey Cheremisinov - The Healing ( music),Sergey Cheremisinov,IwRQulPmYTw,https://www.youtube.com/watch?v=IwRQulPmYTw,CC BY 4.0,https://www.cheremisinov.com/,121,5,channel
A 시스템,A4_inn,여관/회복/휴식,Lay Thee Down To Sleep,Darren Curtis,qhuC2AbgOB0,https://www.youtube.com/watch?v=qhuC2AbgOB0,Free with attribution,https://www.darrencurtismusic.com/,186,5,channel
A 시스템,A4_inn,여관/회복/휴식,'A Dragon's Lullaby' Dark Harp & Orchestra,Scott Buckley,V-TJ1bQ846s,https://www.youtube.com/watch?v=V-TJ1bQ846s,CC BY 4.0,https://www.scottbuckley.com.au/,168,5,channel
A 시스템,A4_inn,여관/회복/휴식,Bedtime Story,Eric Matyas (Soundimage.org),UQ5w2-U61yk,https://www.youtube.com/watch?v=UQ5w2-U61yk,Free with attribution,https://soundimage.org/,72,4,channel
A 시스템,A4_inn,여관/회복/휴식,Inn,Visager,pzNA34iS5w0,https://www.youtube.com/watch?v=pzNA34iS5w0,CC BY 4.0,https://visager.bandcamp.com/,55,3,channel
A 시스템,A4_inn,여관/회복/휴식,Music for Manatees,Kevin MacLeod,4U95MUItObw,https://www.youtube.com/watch?v=4U95MUItObw,CC BY 4.0,https://incompetech.com/,1056,5,incompetech
A 시스템,A4_inn,여관/회복/휴식,"Fantastic healing music ""Limpid_Water""",PeriTune,wSA5a2FG09o,https://www.youtube.com/watch?v=wSA5a2FG09o,CC BY 4.0,https://peritune.com/,636,5,channel
A 시스템,A4_inn,여관/회복/휴식,Sleep Trance,Lee Rosevere,96e8-d8NlWU,https://www.youtube.com/watch?v=96e8-d8NlWU,CC BY 4.0,https://leerosevere.bandcamp.com/,305,5,channel
A 시스템,A4_inn,여관/회복/휴식,Far East/Fantasy Music - - Dreamer's Rest,Vindsvept,JND904t1kCE,https://www.youtube.com/watch?v=JND904t1kCE,Free with attribution (non-commercial),https://vindsvept.bandcamp.com/,239,5,channel
A 시스템,A5_gameover,게임오버/전멸,"Lost Horizon | Epic Fantasy Music for D&D, RPG & Adventure",Alexander Nakarada,ro8n4y_Wrwk,https://www.youtube.com/watch?v=ro8n4y_Wrwk,CC BY 4.0,https://www.creatorchords.com/,395,2,channel
A 시스템,A5_gameover,게임오버/전멸,Koichi Morita - Amethysts lost brilliant (Iro wo Nakushita Amethysts),魔王魂 (森田交一),qdiWM4KUapo,https://www.youtube.com/watch?v=qdiWM4KUapo,Free with attribution (maou.audio terms),https://maou.audio/,373,2,channel
A 시스템,A5_gameover,게임오버/전멸,Infinity - Grow Through Failure,Ben Burnes (Abstraction),dgnO1a1mRns,https://www.youtube.com/watch?v=dgnO1a1mRns,Free with attribution,https://abstractionmusic.com/,352,2,channel
A 시스템,A5_gameover,게임오버/전멸,Defeat the Matrix - Synthwave/Suspense,TeknoAXE,1xBrvd12nEg,https://www.youtube.com/watch?v=1xBrvd12nEg,CC BY 4.0,https://teknoaxe.com/,349,2,channel
A 시스템,A5_gameover,게임오버/전멸,Grasping For Lost Innocence,Darren Curtis,-xcuUxVdByI,https://www.youtube.com/watch?v=-xcuUxVdByI,Free with attribution,https://www.darrencurtismusic.com/,305,2,channel
A 시스템,A5_gameover,게임오버/전멸,Soothing Egyptian Music - Lost Ruins,Derek & Brandon Fiechter,IDemMRV0Kls,https://www.youtube.com/watch?v=IDemMRV0Kls,Free with attribution (non-commercial),https://www.youtube.com/@Fiechters,302,2,channel
A 시스템,A5_gameover,게임오버/전멸,Lost Story,DOVA-SYNDROME (official),k8xFsIztylQ,https://www.youtube.com/watch?v=k8xFsIztylQ,Free (DOVA-SYNDROME license),https://dova-s.jp/,284,2,channel
A 시스템,A5_gameover,게임오버/전멸,砂漠の遺跡をさまようオリエンタル民族音楽 Lost Place5,PeriTune,pFFZfDK440A,https://www.youtube.com/watch?v=pFFZfDK440A,CC BY 4.0,https://peritune.com/,268,2,channel
A 시스템,A5_gameover,게임오버/전멸,Lost Frontier,Kevin MacLeod,9gEAuw5cj0M,https://www.youtube.com/watch?v=9gEAuw5cj0M,CC BY 4.0,https://incompetech.com/,264,2,incompetech
A 시스템,A5_gameover,게임오버/전멸,Punch Deck - Lost In The Void,Punch Deck,FfFBgGbae48,https://www.youtube.com/watch?v=FfFBgGbae48,CC BY 4.0,https://punchdeck.bandcamp.com/,259,2,channel
A 시스템,A5_gameover,게임오버/전멸,Lost to Time - Fantasy/Folk Music,Vindsvept,_GFIeLWCa0I,https://www.youtube.com/watch?v=_GFIeLWCa0I,Free with attribution (non-commercial),https://vindsvept.bandcamp.com/,241,2,channel
A 시스템,A5_gameover,게임오버/전멸,Rrrrrose Azerty - I'll rise and shall not fail Princess Valhalla Hawkwind remix,Loyalty Freak Music / Komiku,A18YGWMRPyM,https://www.youtube.com/watch?v=A18YGWMRPyM,CC0,https://loyaltyfreakmusic.com/,231,2,channel
A 시스템,A5_gameover,게임오버/전멸,Obadiah's Defeat - Film Score by Matthew Pablo Deleted scene from Iron Man,Matthew Pablo,XWege0Iz4EU,https://www.youtube.com/watch?v=XWege0Iz4EU,CC BY 3.0,https://matthewpablo.com/,228,2,channel
A 시스템,A5_gameover,게임오버/전멸,Lost Friend,Tim Beek,MvhBwHucGyI,https://www.youtube.com/watch?v=MvhBwHucGyI,Free with attribution (timbeek.com),https://timbeek.com/,174,1,channel
A 시스템,A5_gameover,게임오버/전멸,System Failure on Europa,Eric Matyas (Soundimage.org),XcvnnG-l7Tc,https://www.youtube.com/watch?v=XcvnnG-l7Tc,Free with attribution,https://soundimage.org/,148,1,channel
A 시스템,A5_gameover,게임오버/전멸,291-B: Lost (Fade out) - Aaron Krogh,Aaron Krogh,Vdp1Vwa9ySk,https://www.youtube.com/watch?v=Vdp1Vwa9ySk,Free with attribution,https://soundcloud.com/aaron-anderson-11,146,1,channel
A 시스템,A5_gameover,게임오버/전멸,PANICPUMPKIN - Defeat the YO-KAI (Youkai Dai Seibai),PANICPUMPKIN (みそか),zJzmNnEgxyA,https://www.youtube.com/watch?v=zJzmNnEgxyA,Free with attribution (panicpumpkin terms),https://pansound.com/panicpumpkin/,101,1,channel
A 시스템,A5_gameover,게임오버/전멸,Alexandr Zhelanov - Lost City (FreeCol OST),Alexandr Zhelanov,qwWA9mG3qho,https://www.youtube.com/watch?v=qwWA9mG3qho,CC BY 3.0/4.0,https://soundcloud.com/alexandr-zhelanov,81,1,channel
A 시스템,A5_gameover,게임오버/전멸,"Forest of Lost Souls - 2HTC, Season 15",Ben Burnes (Abstraction),XlOEG1RyDKo,https://www.youtube.com/watch?v=XlOEG1RyDKo,Free with attribution,https://abstractionmusic.com/,272,2,channel
A 시스템,A5_gameover,게임오버/전멸,Lost in the Distance - Orchestra/Chill,TeknoAXE,yRu5BiMpUzE,https://www.youtube.com/watch?v=yRu5BiMpUzE,CC BY 4.0,https://teknoaxe.com/,252,2,channel
A 시스템,A5_gameover,게임오버/전멸,"""Lost Serenity"" Soft Piano Strings Melody",Darren Curtis,HNQ7Yh2xCQ8,https://www.youtube.com/watch?v=HNQ7Yh2xCQ8,Free with attribution,https://www.darrencurtismusic.com/,244,2,channel
A 시스템,A5_gameover,게임오버/전멸,Japanese Fantasy Music - Haunted Bog of the Lost Ronin,Derek & Brandon Fiechter,m83WIaBxWhY,https://www.youtube.com/watch?v=m83WIaBxWhY,Free with attribution (non-commercial),https://www.youtube.com/@Fiechters,239,2,channel
A 시스템,A5_gameover,게임오버/전멸,Lost Intelligence,DOVA-SYNDROME (official),Z_lIUq-DfWs,https://www.youtube.com/watch?v=Z_lIUq-DfWs,Free (DOVA-SYNDROME license),https://dova-s.jp/,134,1,channel
A 시스템,A5_gameover,게임오버/전멸,"Fantastic healing ""Lost in the Woods""",PeriTune,7WXWHf6Cp7Q,https://www.youtube.com/watch?v=7WXWHf6Cp7Q,CC BY 4.0,https://peritune.com/,261,2,channel
A 시스템,A5_gameover,게임오버/전멸,Lost Time,Kevin MacLeod,RTEZyyGYvw8,https://www.youtube.com/watch?v=RTEZyyGYvw8,CC BY 4.0,https://incompetech.com/,227,2,incompetech
A 시스템,A5_gameover,게임오버/전멸,What Once Was Lost - Fantasy/Folk Music,Vindsvept,MRG1b8PHbAM,https://www.youtube.com/watch?v=MRG1b8PHbAM,Free with attribution (non-commercial),https://vindsvept.bandcamp.com/,207,2,channel
A 시스템,A5_gameover,게임오버/전멸,Obadiah's Defeat by Matthew Pablo Action Film Score Sibelius,Matthew Pablo,NAvfHnZznJw,https://www.youtube.com/watch?v=NAvfHnZznJw,CC BY 3.0,https://matthewpablo.com/,241,1,channel
A 시스템,A5_gameover,게임오버/전멸,The Lost Boy,Tim Beek,vYkiazSxsSI,https://www.youtube.com/watch?v=vYkiazSxsSI,Free with attribution (timbeek.com),https://timbeek.com/,65,1,channel
A 시스템,A5_gameover,게임오버/전멸,Kingdom of Lost Dreams,Eric Matyas (Soundimage.org),KmMTCGMwc_w,https://www.youtube.com/watch?v=KmMTCGMwc_w,Free with attribution,https://soundimage.org/,130,1,channel
A 시스템,A5_gameover,게임오버/전멸,"Lost and Found - 2HTC, Season 23",Ben Burnes (Abstraction),MZzdoDTP7E4,https://www.youtube.com/watch?v=MZzdoDTP7E4,Free with attribution,https://abstractionmusic.com/,244,2,channel
A 시스템,A5_gameover,게임오버/전멸,Waypoint V - Lost Way - Suspense/Techno,TeknoAXE,CxYnUdDVfgg,https://www.youtube.com/watch?v=CxYnUdDVfgg,CC BY 4.0,https://teknoaxe.com/,250,2,channel
A 시스템,A5_gameover,게임오버/전멸,"Free Sci-Fi Piano and Strings Theme ""Lost In Space"" for Exploring New Galaxies",Darren Curtis,8SL2aTpt_QE,https://www.youtube.com/watch?v=8SL2aTpt_QE,Free with attribution,https://www.darrencurtismusic.com/,180,2,channel
A 시스템,A5_gameover,게임오버/전멸,Sci-fi Music - Lost Colony,Derek & Brandon Fiechter,B5GYDutZADE,https://www.youtube.com/watch?v=B5GYDutZADE,Free with attribution (non-commercial),https://www.youtube.com/@Fiechters,226,2,channel
A 시스템,A5_gameover,게임오버/전멸,Lost Story,DOVA-SYNDROME (official),rj0BcHXuXzA,https://www.youtube.com/watch?v=rj0BcHXuXzA,Free (DOVA-SYNDROME license),https://dova-s.jp/,123,1,channel
A 시스템,A5_gameover,게임오버/전멸,Burnt Spirit,Kevin MacLeod,V4aRUc5XK_c,https://www.youtube.com/watch?v=V4aRUc5XK_c,CC BY 4.0,https://incompetech.com/,115,1,incompetech
A 시스템,A5_gameover,게임오버/전멸,Emotional Music - - Lost but not Forgotten,Vindsvept,U2WW3owLXeA,https://www.youtube.com/watch?v=U2WW3owLXeA,Free with attribution (non-commercial),https://vindsvept.bandcamp.com/,161,1,channel
A 시스템,A5_gameover,게임오버/전멸,Obadiah's Defeat by Matthew Pablo Action Film Score FL Studio 10,Matthew Pablo,6oqchw0ZzvU,https://www.youtube.com/watch?v=6oqchw0ZzvU,CC BY 3.0,https://matthewpablo.com/,241,1,channel
A 시스템,A5_gameover,게임오버/전멸,Lost and Faltering,Eric Matyas (Soundimage.org),6K9LWTaFhrQ,https://www.youtube.com/watch?v=6K9LWTaFhrQ,Free with attribution,https://soundimage.org/,118,1,channel
A 시스템,A5_gameover,게임오버/전멸,"Lost Time - 2HTC, Season 13",Ben Burnes (Abstraction),hbOzFLrXot0,https://www.youtube.com/watch?v=hbOzFLrXot0,Free with attribution,https://abstractionmusic.com/,238,2,channel
A 시스템,A5_gameover,게임오버/전멸,Anthem of the Lost - Synthwave,TeknoAXE,2a2Tey0VsP0,https://www.youtube.com/watch?v=2a2Tey0VsP0,CC BY 4.0,https://teknoaxe.com/,243,2,channel
A 시스템,A6_save,세이브/크리스탈/신성,Meydän - Sacred Refuge ambient Creative Commons,Meydän,o-Fre1FN_pQ,https://www.youtube.com/watch?v=o-Fre1FN_pQ,CC BY 4.0,https://meydan.bandcamp.com/,270,5,channel
A 시스템,A6_save,세이브/크리스탈/신성,"""Crystal Ca ns!"" Chill Upbeat Game Music",HeatleyBros,KUrrGODLf0E,https://www.youtube.com/watch?v=KUrrGODLf0E,Free with attribution,https://www.heatleybros.com/,269,5,channel
A 시스템,A6_save,세이브/크리스탈/신성,Crystal Halls - Ambient/Soundscape,TeknoAXE,8rvATPBGFJY,https://www.youtube.com/watch?v=8rvATPBGFJY,CC BY 4.0,https://teknoaxe.com/,230,5,channel
A 시스템,A6_save,세이브/크리스탈/신성,Piano Hymn,Alexander Nakarada,pM2jwpDuJcc,https://www.youtube.com/watch?v=pM2jwpDuJcc,CC BY 4.0,https://www.creatorchords.com/,164,5,channel
A 시스템,A6_save,세이브/크리스탈/신성,"Wintry Music Box and Flute ""Crystal Ca ns""",Darren Curtis,amPQlo7E-Ts,https://www.youtube.com/watch?v=amPQlo7E-Ts,Free with attribution,https://www.darrencurtismusic.com/,128,5,channel
A 시스템,A6_save,세이브/크리스탈/신성,'Hymn' Calm Piano Solo,Scott Buckley,0UsTCy230Lo,https://www.youtube.com/watch?v=0UsTCy230Lo,CC BY 4.0,https://www.scottbuckley.com.au/,124,5,channel
A 시스템,A6_save,세이브/크리스탈/신성,hymn from the album Stationary s,Lee Rosevere,4vRxAKFqeTg,https://www.youtube.com/watch?v=4vRxAKFqeTg,CC BY 4.0,https://leerosevere.bandcamp.com/,309,4,channel
A 시스템,A6_save,세이브/크리스탈/신성,Cathedral,Nihilore,yFw1h2YKQl4,https://www.youtube.com/watch?v=yFw1h2YKQl4,CC BY 4.0,https://www.nihilore.com/,278,4,channel
A 시스템,A6_save,세이브/크리스탈/신성,弦楽四重奏 祈り,MusMus,OnWJrNIycGQ,https://www.youtube.com/watch?v=OnWJrNIycGQ,Free with attribution (musmus.main.jp),https://musmus.main.jp/,244,4,channel
A 시스템,A6_save,세이브/크리스탈/신성,Alexandr Zhelanov - Hymn of Life (FREE TO USE),Alexandr Zhelanov,eI_uQvOjy5w,https://www.youtube.com/watch?v=eI_uQvOjy5w,CC BY 3.0/4.0,https://soundcloud.com/alexandr-zhelanov,241,4,channel
A 시스템,A6_save,세이브/크리스탈/신성,Beautiful Chinese Music - Sanctuary of Wind,Derek & Brandon Fiechter,9VXdwOoo54c,https://www.youtube.com/watch?v=9VXdwOoo54c,Free with attribution (non-commercial),https://www.youtube.com/@Fiechters,237,4,channel
A 시스템,A6_save,세이브/크리스탈/신성,沈黙の聖堂,DOVA-SYNDROME (official),5W2vun8zmMc,https://www.youtube.com/watch?v=5W2vun8zmMc,Free (DOVA-SYNDROME license),https://dova-s.jp/,221,4,channel
A 시스템,A6_save,세이브/크리스탈/신성,Celtic/Folk Music - - Sanctuary,Vindsvept,P9t3DCpjo90,https://www.youtube.com/watch?v=P9t3DCpjo90,Free with attribution (non-commercial),https://vindsvept.bandcamp.com/,196,4,channel
A 시스템,A6_save,세이브/크리스탈/신성,教会・聖堂のパイプオルガン Pray_Organ,PeriTune,1YRjJqrFsps,https://www.youtube.com/watch?v=1YRjJqrFsps,CC BY 4.0,https://peritune.com/,165,4,channel
A 시스템,A6_save,세이브/크리스탈/신성,Crystal-R by hitoshi /,Senses Circuit,qfpso3HxQ-0,https://www.youtube.com/watch?v=qfpso3HxQ-0,Free with attribution (senses-circuit.com),https://www.senses-circuit.com/,143,4,channel
A 시스템,A6_save,세이브/크리스탈/신성,PANICPUMPKIN No.062 ひかりのごかご,PANICPUMPKIN (みそか),owondu6Ot5g,https://www.youtube.com/watch?v=owondu6Ot5g,Free with attribution (panicpumpkin terms),https://pansound.com/panicpumpkin/,110,4,channel
A 시스템,A6_save,세이브/크리스탈/신성,Crystal Puzzles,Eric Matyas (Soundimage.org),UDa-FjLlxOA,https://www.youtube.com/watch?v=UDa-FjLlxOA,Free with attribution,https://soundimage.org/,92,3,channel
A 시스템,A6_save,세이브/크리스탈/신성,Shrine,Visager,VqYXfV9WeSI,https://www.youtube.com/watch?v=VqYXfV9WeSI,CC BY 4.0,https://visager.bandcamp.com/,61,3,channel
A 시스템,A6_save,세이브/크리스탈/신성,陽の当たる教会,H/MIX GALLERY (秋山裕和),SJ1HAR23dRk,https://www.youtube.com/watch?v=SJ1HAR23dRk,Free with attribution (hmix.net terms),http://www.hmix.net/,34,2,channel
A 시스템,A6_save,세이브/크리스탈/신성,Meydän - Léï's Prayer,Meydän,VQKz_TZCtDo,https://www.youtube.com/watch?v=VQKz_TZCtDo,CC BY 4.0,https://meydan.bandcamp.com/,157,4,channel
A 시스템,A6_save,세이브/크리스탈/신성,Cathedral - Choir/Background,TeknoAXE,Xua0VGQXpU4,https://www.youtube.com/watch?v=Xua0VGQXpU4,CC BY 4.0,https://teknoaxe.com/,233,4,channel
A 시스템,A6_save,세이브/크리스탈/신성,"Royalty Free Viking Fantasy Music - ""Hymn to the Gods""",Alexander Nakarada,WqOXTzwO8dY,https://www.youtube.com/watch?v=WqOXTzwO8dY,CC BY 4.0,https://www.creatorchords.com/,239,4,channel
A 시스템,A6_save,세이브/크리스탈/신성,Dusk Cathedral,Lee Rosevere,oAL4MIrAPbc,https://www.youtube.com/watch?v=oAL4MIrAPbc,CC BY 4.0,https://leerosevere.bandcamp.com/,273,4,channel
A 시스템,A6_save,세이브/크리스탈/신성,聖戦のオブスキュラ / / #,MusMus,2BwdsSkGdDE,https://www.youtube.com/watch?v=2BwdsSkGdDE,Free with attribution (musmus.main.jp),https://musmus.main.jp/,232,4,channel
A 시스템,A6_save,세이브/크리스탈/신성,"Space Fantasy Music - Crystal Planet | Dark, Sci-fi",Derek & Brandon Fiechter,vMWE-D8tnxE,https://www.youtube.com/watch?v=vMWE-D8tnxE,Free with attribution (non-commercial),https://www.youtube.com/@Fiechters,233,4,channel
A 시스템,A6_save,세이브/크리스탈/신성,祈りを胸に、歌を天に,DOVA-SYNDROME (official),nLCgJAQJbLo,https://www.youtube.com/watch?v=nLCgJAQJbLo,Free (DOVA-SYNDROME license),https://dova-s.jp/,151,4,channel
A 시스템,A6_save,세이브/크리스탈/신성,Crystal Falls / Original Fantasy Music,PeriTune,D4KPneior1w,https://www.youtube.com/watch?v=D4KPneior1w,CC BY 4.0,https://peritune.com/,147,4,channel
A 시스템,A6_save,세이브/크리스탈/신성,Crystal by hitoshi /,Senses Circuit,SwCQjjbc_Lc,https://www.youtube.com/watch?v=SwCQjjbc_Lc,Free with attribution (senses-circuit.com),https://www.senses-circuit.com/,80,3,channel
A 시스템,A6_save,세이브/크리스탈/신성,PANICPUMPKIN No.063 めざめのぎしき,PANICPUMPKIN (みそか),GfOcUF8IP58,https://www.youtube.com/watch?v=GfOcUF8IP58,Free with attribution (panicpumpkin terms),https://pansound.com/panicpumpkin/,106,4,channel
A 시스템,A6_save,세이브/크리스탈/신성,Their Sacred Place,Eric Matyas (Soundimage.org),0iJiXA7g7DY,https://www.youtube.com/watch?v=0iJiXA7g7DY,Free with attribution,https://soundimage.org/,92,3,channel
A 시스템,A6_save,세이브/크리스탈/신성,Dark Elf Music - Nightfall Sanctuary,Derek & Brandon Fiechter,2VSCyHk3Usg,https://www.youtube.com/watch?v=2VSCyHk3Usg,Free with attribution (non-commercial),https://www.youtube.com/@Fiechters,221,4,channel
A 시스템,A6_save,세이브/크리스탈/신성,Crystal Ca ns,Eric Matyas (Soundimage.org),zg95Q9umbZw,https://www.youtube.com/watch?v=zg95Q9umbZw,Free with attribution,https://soundimage.org/,40,2,channel
A 시스템,A6_save,세이브/크리스탈/신성,Fantasy Music - Fishscale Sanctuary,Derek & Brandon Fiechter,Okix8h3m3lY,https://www.youtube.com/watch?v=Okix8h3m3lY,Free with attribution (non-commercial),https://www.youtube.com/@Fiechters,208,4,channel
A 시스템,A6_save,세이브/크리스탈/신성,Gothic Music - Gargoyle Cathedral,Derek & Brandon Fiechter,XMUQJM4EJ6g,https://www.youtube.com/watch?v=XMUQJM4EJ6g,Free with attribution (non-commercial),https://www.youtube.com/@Fiechters,183,4,channel
A 시스템,A6_save,세이브/크리스탈/신성,Spirit of the Girl,Kevin MacLeod,Wqa7O1ISwc4,https://www.youtube.com/watch?v=Wqa7O1ISwc4,CC BY 4.0,https://incompetech.com/,413,4,incompetech
A 시스템,A6_save,세이브/크리스탈/신성,Winter Lullaby Music - Crystal Bells,Derek & Brandon Fiechter,EYenH0Gai0A,https://www.youtube.com/watch?v=EYenH0Gai0A,Free with attribution (non-commercial),https://www.youtube.com/@Fiechters,220,5,channel
A 시스템,A6_save,세이브/크리스탈/신성,Starbase Cathedral - Soundscape/Ethereal,TeknoAXE,uKFcgWxCLrc,https://www.youtube.com/watch?v=uKFcgWxCLrc,CC BY 4.0,https://teknoaxe.com/,219,4,channel
A 시스템,A6_save,세이브/크리스탈/신성,"""Hymn of the Mountain"" - Royalty Free Epic Piano Music",Alexander Nakarada,zdBUwZfeUGM,https://www.youtube.com/watch?v=zdBUwZfeUGM,CC BY 4.0,https://www.creatorchords.com/,276,5,channel
A 시스템,A6_save,세이브/크리스탈/신성,Sergey Cheremisinov - Sea & Night - Crystal Echoes ( music),Sergey Cheremisinov,TJKl80T7bEM,https://www.youtube.com/watch?v=TJKl80T7bEM,CC BY 4.0,https://www.cheremisinov.com/,215,4,channel
A 시스템,A6_save,세이브/크리스탈/신성,"未知地下城探索 BGM ""Black Crystal""",PeriTune,GSKr6uYCJZ0,https://www.youtube.com/watch?v=GSKr6uYCJZ0,CC BY 4.0,https://peritune.com/,195,4,channel
B 탐험,B1_overworld,오버월드/필드,Soothing Arabian Music - Journey at Sunset,Derek & Brandon Fiechter,ydQkHZv5FLw,https://www.youtube.com/watch?v=ydQkHZv5FLw,Free with attribution (non-commercial),https://www.youtube.com/@Fiechters,304,5,channel
B 탐험,B1_overworld,오버월드/필드,Back on the Meadow - Orchestra/Chill,TeknoAXE,TXM9M7h-RhA,https://www.youtube.com/watch?v=TXM9M7h-RhA,CC BY 4.0,https://teknoaxe.com/,283,5,channel
B 탐험,B1_overworld,오버월드/필드,Flute Orchestra for Setting Out on a Journey “Emerald Hill”,PeriTune,rbRsYrxlk6U,https://www.youtube.com/watch?v=rbRsYrxlk6U,CC BY 4.0,https://peritune.com/,230,5,channel
B 탐험,B1_overworld,오버월드/필드,Poppers and Prosecco,Kevin MacLeod,72yo5VegRLI,https://www.youtube.com/watch?v=72yo5VegRLI,CC BY 4.0,https://incompetech.com/,194,5,incompetech
B 탐험,B1_overworld,오버월드/필드,ピアノ30 Departure,魔王魂 (森田交一),lwabLQr6JOM,https://www.youtube.com/watch?v=lwabLQr6JOM,Free with attribution (maou.audio terms),https://maou.audio/,160,5,channel
B 탐험,B1_overworld,오버월드/필드,"Komiku - The adventure goes on, vol2",Loyalty Freak Music / Komiku,VGOIOC6s1hc,https://www.youtube.com/watch?v=VGOIOC6s1hc,CC0,https://loyaltyfreakmusic.com/,1225,4,channel
B 탐험,B1_overworld,오버월드/필드,Journey Without; Journey Within - Mindful Reflection,Ben Burnes (Abstraction),Oodhccub1Eg,https://www.youtube.com/watch?v=Oodhccub1Eg,Free with attribution,https://abstractionmusic.com/,559,4,channel
B 탐험,B1_overworld,오버월드/필드,GENRE EXPLORATION - Melodic Minimal Techno (part 3 - Media Bay),Alexander Nakarada,OOejkG_2lUU,https://www.youtube.com/watch?v=OOejkG_2lUU,CC BY 4.0,https://www.creatorchords.com/,510,4,channel
B 탐험,B1_overworld,오버월드/필드,ループ -和風 フィールドBGM by hitoshi /,Senses Circuit,nyqXxQBvycY,https://www.youtube.com/watch?v=nyqXxQBvycY,Free with attribution (senses-circuit.com),https://www.senses-circuit.com/,455,4,channel
B 탐험,B1_overworld,오버월드/필드,"Inspirational Quotes To Music Vol. 1 ""Your Journey"" 432 Hz",Darren Curtis,rvacdoLoZ_4,https://www.youtube.com/watch?v=rvacdoLoZ_4,Free with attribution,https://www.darrencurtismusic.com/,316,4,channel
B 탐험,B1_overworld,오버월드/필드,Little Big Adventure Remix: 'Twinsen of Twinsun',Scott Buckley,zxUDtQxNPTs,https://www.youtube.com/watch?v=zxUDtQxNPTs,CC BY 4.0,https://www.scottbuckley.com.au/,305,4,channel
B 탐험,B1_overworld,오버월드/필드,Lantern Hill - from 5 Minute Meditations Vol 9,Lee Rosevere,JK_v_i8udYc,https://www.youtube.com/watch?v=JK_v_i8udYc,CC BY 4.0,https://leerosevere.bandcamp.com/,301,4,channel
B 탐험,B1_overworld,오버월드/필드,Fantastic Quest Orchestral RPG Video Game Music FL Studio,Matthew Pablo,nhdEa053H0I,https://www.youtube.com/watch?v=nhdEa053H0I,CC BY 3.0,https://matthewpablo.com/,299,4,channel
B 탐험,B1_overworld,오버월드/필드,Folk/Adventure Music - - Adventure Calls,Vindsvept,KR8GQfyPZ0I,https://www.youtube.com/watch?v=KR8GQfyPZ0I,Free with attribution (non-commercial),https://vindsvept.bandcamp.com/,294,4,channel
B 탐험,B1_overworld,오버월드/필드,Alexandr Zhelanov - FL Journey to the East Rocks (FREE TO USE),Alexandr Zhelanov,0V8AUCoju74,https://www.youtube.com/watch?v=0V8AUCoju74,CC BY 3.0/4.0,https://soundcloud.com/alexandr-zhelanov,288,4,channel
B 탐험,B1_overworld,오버월드/필드,♩♫ Adventure Western Music ♪♬ - The Wild West (Copyright and Royalty Free),Ross Bugden,VDPMAuv-3nk,https://www.youtube.com/watch?v=VDPMAuv-3nk,Free with attribution,https://www.youtube.com/@RossBugden,286,4,channel
B 탐험,B1_overworld,오버월드/필드,Green Hill Zone (remix),Nihilore,9gbkiKMQg-M,https://www.youtube.com/watch?v=9gbkiKMQg-M,CC BY 4.0,https://www.nihilore.com/,224,4,channel
B 탐험,B1_overworld,오버월드/필드,“Explore” DBD file No.05 / Copyright,MusMus,j5vpNz05IJM,https://www.youtube.com/watch?v=j5vpNz05IJM,Free with attribution (musmus.main.jp),https://musmus.main.jp/,220,4,channel
B 탐험,B1_overworld,오버월드/필드,PANICPUMPKIN No.058 てんをつたうしずく,PANICPUMPKIN (みそか),4FhagVvivIs,https://www.youtube.com/watch?v=4FhagVvivIs,Free with attribution (panicpumpkin terms),https://pansound.com/panicpumpkin/,219,4,channel
B 탐험,B1_overworld,오버월드/필드,"""Super Duper!"" Upbeat Adventure Game Music",HeatleyBros,zT-aP30KVrw,https://www.youtube.com/watch?v=zT-aP30KVrw,Free with attribution,https://www.heatleybros.com/,218,4,channel
B 탐험,B1_overworld,오버월드/필드,BGM - 154 -Waku Waku Adventure,DOVA-SYNDROME (official),_POsonAONvk,https://www.youtube.com/watch?v=_POsonAONvk,Free (DOVA-SYNDROME license),https://dova-s.jp/,206,4,channel
B 탐험,B1_overworld,오버월드/필드,BGM journey - 騒音のない世界,騒音のない世界 (Noiseless World),K3IUVwuryg0,https://www.youtube.com/watch?v=K3IUVwuryg0,Free with attribution,https://noiselessworld.net/,196,4,channel
B 탐험,B1_overworld,오버월드/필드,Laser Quest,Tim Beek,Iac2PDWwfr8,https://www.youtube.com/watch?v=Iac2PDWwfr8,Free with attribution (timbeek.com),https://timbeek.com/,195,4,channel
B 탐험,B1_overworld,오버월드/필드,Punch Deck - The Traveler,Punch Deck,qih3PjQ6py4,https://www.youtube.com/watch?v=qih3PjQ6py4,CC BY 4.0,https://punchdeck.bandcamp.com/,163,4,channel
B 탐험,B1_overworld,오버월드/필드,"Some Adventure ( , MP3, OGG, WAV, and FLP)",Trevor Lentz,FTiXb3zBaEc,https://www.youtube.com/watch?v=FTiXb3zBaEc,CC BY 3.0,https://opengameart.org/users/trevor-lentz,151,4,channel
B 탐험,B1_overworld,오버월드/필드,Journey /,Kyatto,SRjLVdNyPRE,https://www.youtube.com/watch?v=SRjLVdNyPRE,Free with attribution,https://www.youtube.com/@Kyatto,120,4,channel
B 탐험,B1_overworld,오버월드/필드,A Meadow of Mysteries ( ),Eric Matyas (Soundimage.org),97sFIXUOMOU,https://www.youtube.com/watch?v=97sFIXUOMOU,Free with attribution,https://soundimage.org/,113,4,channel
B 탐험,B1_overworld,오버월드/필드,ハヤシユウ / Reindeer Adventure,ハヤシユウ,4hzrblWR05Y,https://www.youtube.com/watch?v=4hzrblWR05Y,Free (DOVA-SYNDROME license),https://dova-s.jp/,108,4,channel
B 탐험,B1_overworld,오버월드/필드,Meydän - Medieval Journey Orchestral,Meydän,VXOqCZfLBQk,https://www.youtube.com/watch?v=VXOqCZfLBQk,CC BY 4.0,https://meydan.bandcamp.com/,99,3,channel
B 탐험,B1_overworld,오버월드/필드,310: World Map ( ) - Aaron Krogh,Aaron Krogh,rrCYZqEbwpc,https://www.youtube.com/watch?v=rrCYZqEbwpc,Free with attribution,https://soundcloud.com/aaron-anderson-11,88,3,channel
B 탐험,B1_overworld,오버월드/필드,Native American Flute Music - The Great Plains,Derek & Brandon Fiechter,Edv44MFvBfw,https://www.youtube.com/watch?v=Edv44MFvBfw,Free with attribution (non-commercial),https://www.youtube.com/@Fiechters,209,5,channel
B 탐험,B1_overworld,오버월드/필드,The Journey Home - Christmas/Orchestra,TeknoAXE,zzPBIf5plTQ,https://www.youtube.com/watch?v=zzPBIf5plTQ,CC BY 4.0,https://teknoaxe.com/,276,4,channel
B 탐험,B1_overworld,오버월드/필드,"Orchestral RPG Field Music ""O World_Orchestra""",PeriTune,-FmtwhGUqrI,https://www.youtube.com/watch?v=-FmtwhGUqrI,CC BY 4.0,https://peritune.com/,372,4,channel
B 탐험,B1_overworld,오버월드/필드,Ave Marimba,Kevin MacLeod,sYWLpw6tQgs,https://www.youtube.com/watch?v=sYWLpw6tQgs,CC BY 4.0,https://incompetech.com/,170,5,incompetech
B 탐험,B1_overworld,오버월드/필드,ファンタジー08 旅路の音,魔王魂 (森田交一),oqdSg__d6KM,https://www.youtube.com/watch?v=oqdSg__d6KM,Free with attribution (maou.audio terms),https://maou.audio/,134,4,channel
B 탐험,B1_overworld,오버월드/필드,Loyalty Freak Music - BUILD YOUR OWN ADVENTURE !,Loyalty Freak Music / Komiku,hFnHM7tzvAM,https://www.youtube.com/watch?v=hFnHM7tzvAM,CC0,https://loyaltyfreakmusic.com/,863,4,channel
B 탐험,B1_overworld,오버월드/필드,Journey Without; Journey Within - Journey Without Ego,Ben Burnes (Abstraction),KmksYzMljR4,https://www.youtube.com/watch?v=KmksYzMljR4,Free with attribution,https://abstractionmusic.com/,472,4,channel
B 탐험,B1_overworld,오버월드/필드,GENRE EXPLORATION - Melodic Minimal Techno (Part 1 - Making the beat),Alexander Nakarada,Ceu-dWyruz8,https://www.youtube.com/watch?v=Ceu-dWyruz8,CC BY 4.0,https://www.creatorchords.com/,489,4,channel
B 탐험,B1_overworld,오버월드/필드,ループ -フィールド ブラス ダウンタウンBGM by hitoshi /,Senses Circuit,BYL-Wwhu4Sc,https://www.youtube.com/watch?v=BYL-Wwhu4Sc,Free with attribution (senses-circuit.com),https://www.senses-circuit.com/,445,4,channel
B 탐험,B1_overworld,오버월드/필드,"Free Space Adventure Music ""Shape Your Destiny""",Darren Curtis,SZRjRebnjFk,https://www.youtube.com/watch?v=SZRjRebnjFk,Free with attribution,https://www.darrencurtismusic.com/,156,4,channel
B 탐험,B2_town,마을/평화,ループ -和風ステージ 町BGM by hitoshi /,Senses Circuit,xZx2jlwvIuM,https://www.youtube.com/watch?v=xZx2jlwvIuM,Free with attribution (senses-circuit.com),https://www.senses-circuit.com/,510,5,channel
B 탐험,B2_town,마을/평화,Village Ambiance | Royalty Free Medieval Fantasy Music,Alexander Nakarada,VKKSQ4UHLRE,https://www.youtube.com/watch?v=VKKSQ4UHLRE,CC BY 4.0,https://www.creatorchords.com/,418,5,channel
B 탐험,B2_town,마을/평화,"Light medieval town BGM ""Harvest_Festival""",PeriTune,mLBBkRA47_E,https://www.youtube.com/watch?v=mLBBkRA47_E,CC BY 4.0,https://peritune.com/,408,5,channel
B 탐험,B2_town,마을/평화,Shard Seekers Soundtrack - Peaceful Town,Tim Beek,7J-4vD5PbaU,https://www.youtube.com/watch?v=7J-4vD5PbaU,Free with attribution (timbeek.com),https://timbeek.com/,390,5,channel
B 탐험,B2_town,마을/평화,Port In A Storm,Nihilore,Vt0qjmu1U90,https://www.youtube.com/watch?v=Vt0qjmu1U90,CC BY 4.0,https://www.nihilore.com/,382,5,channel
B 탐험,B2_town,마을/평화,Space Jazz,Kevin MacLeod,5vX9A0XTc6I,https://www.youtube.com/watch?v=5vX9A0XTc6I,CC BY 4.0,https://incompetech.com/,370,5,incompetech
B 탐험,B2_town,마을/평화,ピアノ35 見渡す街へ,魔王魂 (森田交一),YrIPLohu7l4,https://www.youtube.com/watch?v=YrIPLohu7l4,Free with attribution (maou.audio terms),https://maou.audio/,367,5,channel
B 탐험,B2_town,마을/평화,Night City Canopy - Soundscape/Ambient,TeknoAXE,tMJ01CwfpyM,https://www.youtube.com/watch?v=tMJ01CwfpyM,CC BY 4.0,https://teknoaxe.com/,329,5,channel
B 탐험,B2_town,마을/평화,Secret City,Lee Rosevere,gSMqN-qkP8w,https://www.youtube.com/watch?v=gSMqN-qkP8w,CC BY 4.0,https://leerosevere.bandcamp.com/,321,5,channel
B 탐험,B2_town,마을/평화,Alexandr Zhelanov - Night City Lights (FREE TO USE),Alexandr Zhelanov,GfV1Ve0ep0M,https://www.youtube.com/watch?v=GfV1Ve0ep0M,CC BY 3.0/4.0,https://soundcloud.com/alexandr-zhelanov,321,5,channel
B 탐험,B2_town,마을/평화,Dark Steampunk Music - Deeplamp Town,Derek & Brandon Fiechter,z2GyJu4_1qk,https://www.youtube.com/watch?v=z2GyJu4_1qk,Free with attribution (non-commercial),https://www.youtube.com/@Fiechters,269,5,channel
B 탐험,B2_town,마을/평화,The City Without Dawn,MusMus,N9EE7n03YA4,https://www.youtube.com/watch?v=N9EE7n03YA4,Free with attribution (musmus.main.jp),https://musmus.main.jp/,256,5,channel
B 탐험,B2_town,마을/평화,Avsten & Sappheiros - City Lights,Sappheiros,Ifk8wqGpduA,https://www.youtube.com/watch?v=Ifk8wqGpduA,CC BY 3.0,https://soundcloud.com/sappheirosmusic,255,5,channel
B 탐험,B2_town,마을/평화,Kai Engel - Harbor - Music,Kai Engel,dMRfUfzCNW4,https://www.youtube.com/watch?v=dMRfUfzCNW4,CC BY 4.0,https://www.kai-engel.com/,241,5,channel
B 탐험,B2_town,마을/평화,Hayashi Yu REMIX City Your City & Frasco Micro Summer,ハヤシユウ,rwVefHCwKIw,https://www.youtube.com/watch?v=rwVefHCwKIw,Free (DOVA-SYNDROME license),https://dova-s.jp/,237,5,channel
B 탐험,B2_town,마을/평화,APEX Mega City Retro Synthwave FL Studio 12,Matthew Pablo,7q-KLHgBiMw,https://www.youtube.com/watch?v=7q-KLHgBiMw,CC BY 3.0,https://matthewpablo.com/,234,5,channel
B 탐험,B2_town,마을/평화,"""8 Bit Town!"" Chiptune Adventure Game Music",HeatleyBros,ezz4Y2PNPx0,https://www.youtube.com/watch?v=ezz4Y2PNPx0,Free with attribution,https://www.heatleybros.com/,230,5,channel
B 탐험,B2_town,마을/평화,Floatng City,DOVA-SYNDROME (official),0DQn-ed0zUI,https://www.youtube.com/watch?v=0DQn-ed0zUI,Free (DOVA-SYNDROME license),https://dova-s.jp/,217,5,channel
B 탐험,B2_town,마을/평화,Home Town Theme: Frozen Sword Soundtrack,Darren Curtis,PeBIecA23dY,https://www.youtube.com/watch?v=PeBIecA23dY,Free with attribution,https://www.darrencurtismusic.com/,195,5,channel
B 탐험,B2_town,마을/평화,Sergey Cheremisinov - The Signals - City Of Lonely Ghosts ( music),Sergey Cheremisinov,D_B_VceyYrY,https://www.youtube.com/watch?v=D_B_VceyYrY,CC BY 4.0,https://www.cheremisinov.com/,193,5,channel
B 탐험,B2_town,마을/평화,Punch Deck - Endless City,Punch Deck,-msIP0Vk_bQ,https://www.youtube.com/watch?v=-msIP0Vk_bQ,CC BY 4.0,https://punchdeck.bandcamp.com/,177,5,channel
B 탐험,B2_town,마을/평화,City of Dread,Eric Matyas (Soundimage.org),cq9hDdpjnfA,https://www.youtube.com/watch?v=cq9hDdpjnfA,Free with attribution,https://soundimage.org/,170,5,channel
B 탐험,B2_town,마을/평화,PANICPUMPKIN No.081 あたらしいせかいへ,PANICPUMPKIN (みそか),yxFt371_tSM,https://www.youtube.com/watch?v=yxFt371_tSM,Free with attribution (panicpumpkin terms),https://pansound.com/panicpumpkin/,166,5,channel
B 탐험,B2_town,마을/평화,Lonely Town /,Kyatto,l18f4SmS0_k,https://www.youtube.com/watch?v=l18f4SmS0_k,Free with attribution,https://www.youtube.com/@Kyatto,130,5,channel
B 탐험,B2_town,마을/평화,Música Sin Copyright - Spring Village,Patrick de Arteaga,knn4ns2frp8,https://www.youtube.com/watch?v=knn4ns2frp8,CC BY 4.0,https://patrickdearteaga.com/,126,5,channel
B 탐험,B2_town,마을/평화,Komiku - Le grand village,Loyalty Freak Music / Komiku,NcGG2Nru0SA,https://www.youtube.com/watch?v=NcGG2Nru0SA,CC0,https://loyaltyfreakmusic.com/,106,5,channel
B 탐험,B2_town,마을/평화,Haven Village,Visager,qBp5X2DKdbk,https://www.youtube.com/watch?v=qBp5X2DKdbk,CC BY 4.0,https://visager.bandcamp.com/,100,5,channel
B 탐험,B2_town,마을/평화,ループ -酔っ払い 酒場 シュールなBGM by hitoshi /,Senses Circuit,kMPqXJZvQtw,https://www.youtube.com/watch?v=kMPqXJZvQtw,Free with attribution (senses-circuit.com),https://www.senses-circuit.com/,365,5,channel
B 탐험,B2_town,마을/평화,Santa Claus is Not Coming To Town,Alexander Nakarada,5sC9FhYgg84,https://www.youtube.com/watch?v=5sC9FhYgg84,CC BY 4.0,https://www.creatorchords.com/,258,5,channel
B 탐험,B2_town,마을/평화,軽快でポップな日常BGM Ramble,PeriTune,qezpPASf4UQ,https://www.youtube.com/watch?v=qezpPASf4UQ,CC BY 4.0,https://peritune.com/,304,5,channel
B 탐험,B2_town,마을/평화,Village,Tim Beek,aFt0SuwPhXk,https://www.youtube.com/watch?v=aFt0SuwPhXk,Free with attribution (timbeek.com),https://timbeek.com/,110,5,channel
B 탐험,B2_town,마을/평화,Leopard Print Elevator,Kevin MacLeod,vS5seoVGwrc,https://www.youtube.com/watch?v=vS5seoVGwrc,CC BY 4.0,https://incompetech.com/,328,5,incompetech
B 탐험,B2_town,마을/평화,村っぽいアコースティック30,魔王魂 (森田交一),gPOrOErQLho,https://www.youtube.com/watch?v=gPOrOErQLho,Free with attribution (maou.audio terms),https://maou.audio/,88,4,channel
B 탐험,B2_town,마을/평화,City Lanes - Synthwave,TeknoAXE,caPQEDHfaOI,https://www.youtube.com/watch?v=caPQEDHfaOI,CC BY 4.0,https://teknoaxe.com/,269,5,channel
B 탐험,B2_town,마을/평화,Sunset city - slowed + re b,Lee Rosevere,QfV340V01Hk,https://www.youtube.com/watch?v=QfV340V01Hk,CC BY 4.0,https://leerosevere.bandcamp.com/,243,5,channel
B 탐험,B2_town,마을/평화,Alexandr Zhelanov - Law in the City FREE TO USE,Alexandr Zhelanov,L8ldAN9OMsw,https://www.youtube.com/watch?v=L8ldAN9OMsw,CC BY 3.0/4.0,https://soundcloud.com/alexandr-zhelanov,265,5,channel
B 탐험,B2_town,마을/평화,Dark Steampunk Music - Underground City,Derek & Brandon Fiechter,1uUTXJEtG5k,https://www.youtube.com/watch?v=1uUTXJEtG5k,Free with attribution (non-commercial),https://www.youtube.com/@Fiechters,266,5,channel
B 탐험,B2_town,마을/평화,日常 DBD file No.05,MusMus,_ElldIQ3j4k,https://www.youtube.com/watch?v=_ElldIQ3j4k,Free with attribution (musmus.main.jp),https://musmus.main.jp/,210,5,channel
B 탐험,B2_town,마을/평화,Kai Engel - Deserted City - Music,Kai Engel,HKhQ2_gu0mQ,https://www.youtube.com/watch?v=HKhQ2_gu0mQ,CC BY 4.0,https://www.kai-engel.com/,103,5,channel
B 탐험,B2_town,마을/평화,Chop Shop Odyssey - Boom Bap Hip-Hop POV Instrument Playthrough,Matthew Pablo,0fCj4e8sPOI,https://www.youtube.com/watch?v=0fCj4e8sPOI,CC BY 3.0,https://matthewpablo.com/,92,4,channel
B 탐험,B3_castle,성/왕궁,30min Music Naked King - Noiseless World,騒音のない世界 (Noiseless World),3JoXSnwXGvs,https://www.youtube.com/watch?v=3JoXSnwXGvs,Free with attribution,https://noiselessworld.net/,1774,4,channel
B 탐험,B3_castle,성/왕궁,Music from 'The King' - Animation Vs. Minecraft Ep. 30,Scott Buckley,zqmcTjK_RdQ,https://www.youtube.com/watch?v=zqmcTjK_RdQ,CC BY 4.0,https://www.scottbuckley.com.au/,1338,4,channel
B 탐험,B3_castle,성/왕궁,"Dark & Cyberpunk BGM ""Cyber_Noir""",PeriTune,_vtxrVyaHuc,https://www.youtube.com/watch?v=_vtxrVyaHuc,CC BY 4.0,https://peritune.com/,483,4,channel
B 탐험,B3_castle,성/왕궁,ピアノ曲 水底月夜姫 /,MusMus,EmPWIgcxy9Q,https://www.youtube.com/watch?v=EmPWIgcxy9Q,Free with attribution (musmus.main.jp),https://musmus.main.jp/,425,4,channel
B 탐험,B3_castle,성/왕궁,魔王の魂（オーケストラ11）,魔王魂 (森田交一),eN6XI-e2CEs,https://www.youtube.com/watch?v=eN6XI-e2CEs,Free with attribution (maou.audio terms),https://maou.audio/,423,4,channel
B 탐험,B3_castle,성/왕궁,Epic Fantasy Collection → The Crown and The Empire,Alexander Nakarada,UL80MNDUDd0,https://www.youtube.com/watch?v=UL80MNDUDd0,CC BY 4.0,https://www.creatorchords.com/,386,4,channel
B 탐험,B3_castle,성/왕궁,Alexandr Zhelanov - MA Project Kingdom (FREE TO USE),Alexandr Zhelanov,L4L6BPAVnUw,https://www.youtube.com/watch?v=L4L6BPAVnUw,CC BY 3.0/4.0,https://soundcloud.com/alexandr-zhelanov,321,4,channel
B 탐험,B3_castle,성/왕궁,Story - - The Scarlet King,Vindsvept,zTvFL3LaNM4,https://www.youtube.com/watch?v=zTvFL3LaNM4,Free with attribution (non-commercial),https://vindsvept.bandcamp.com/,306,4,channel
B 탐험,B3_castle,성/왕궁,Soothing Arabian Music - Arabian Palace,Derek & Brandon Fiechter,xhNZRDMk1l8,https://www.youtube.com/watch?v=xhNZRDMk1l8,Free with attribution (non-commercial),https://www.youtube.com/@Fiechters,276,4,channel
B 탐험,B3_castle,성/왕궁,"""Perse ance"" Video Game Human Theme (Castle)",Darren Curtis,3Pl4O36My8U,https://www.youtube.com/watch?v=3Pl4O36My8U,Free with attribution,https://www.darrencurtismusic.com/,250,4,channel
B 탐험,B3_castle,성/왕궁,After the Empire (Soundtrack) - Oceans of Stars,Tim Beek,KJ5kd03GG0Y,https://www.youtube.com/watch?v=KJ5kd03GG0Y,Free with attribution (timbeek.com),https://timbeek.com/,237,4,channel
B 탐험,B3_castle,성/왕궁,Hi Ho Noble Steed - Industrial,TeknoAXE,xwnZdAUODj4,https://www.youtube.com/watch?v=xwnZdAUODj4,CC BY 4.0,https://teknoaxe.com/,225,4,channel
B 탐험,B3_castle,성/왕궁,Almost New,Kevin MacLeod,MiP8oA4pEFE,https://www.youtube.com/watch?v=MiP8oA4pEFE,CC BY 4.0,https://incompetech.com/,203,4,incompetech
B 탐험,B3_castle,성/왕궁,"Skull Throne - 2HTC, Season 15",Ben Burnes (Abstraction),OGKIp3zeWPM,https://www.youtube.com/watch?v=OGKIp3zeWPM,Free with attribution,https://abstractionmusic.com/,191,4,channel
B 탐험,B3_castle,성/왕궁,Trevor Lentz: No King of Mine,Trevor Lentz,0GsxJdoln88,https://www.youtube.com/watch?v=0GsxJdoln88,CC BY 3.0,https://opengameart.org/users/trevor-lentz,190,4,channel
B 탐험,B3_castle,성/왕궁,Kingdom of Coral,Eric Matyas (Soundimage.org),F6LK3ICXgW4,https://www.youtube.com/watch?v=F6LK3ICXgW4,Free with attribution,https://soundimage.org/,147,3,channel
B 탐험,B3_castle,성/왕궁,Crocus Castle,Visager,RyaPgqxrPxo,https://www.youtube.com/watch?v=RyaPgqxrPxo,CC BY 4.0,https://visager.bandcamp.com/,141,3,channel
B 탐험,B3_castle,성/왕궁,PANICPUMPKIN No.116 はなやかなおうきゅう,PANICPUMPKIN (みそか),Fpi18J7fBbI,https://www.youtube.com/watch?v=Fpi18J7fBbI,Free with attribution (panicpumpkin terms),https://pansound.com/panicpumpkin/,132,3,channel
B 탐험,B3_castle,성/왕궁,Sergey Cheremisinov - The King ( music),Sergey Cheremisinov,y1iyDl_1duc,https://www.youtube.com/watch?v=y1iyDl_1duc,CC BY 4.0,https://www.cheremisinov.com/,124,3,channel
B 탐험,B3_castle,성/왕궁,Cuicuitte - Viville qui court vite,Loyalty Freak Music / Komiku,qzhNvnZakyc,https://www.youtube.com/watch?v=qzhNvnZakyc,CC0,https://loyaltyfreakmusic.com/,77,2,channel
B 탐험,B3_castle,성/왕궁,Requests - CastCapo Prehistoric Kingdom Theme!,HeatleyBros,0F_ljID60F0,https://www.youtube.com/watch?v=0F_ljID60F0,Free with attribution,https://www.heatleybros.com/,51,1,channel
B 탐험,B3_castle,성/왕궁,Chirp (AvM Remix) from 'The King' - Animation Vs. Minecraft Ep. 30,Scott Buckley,dH_97ga76hk,https://www.youtube.com/watch?v=dH_97ga76hk,CC BY 4.0,https://www.scottbuckley.com.au/,46,1,channel
B 탐험,B3_castle,성/왕궁,"Fantastic and magnificent orchestra ""Elysium""",PeriTune,yyc1m8md3UI,https://www.youtube.com/watch?v=yyc1m8md3UI,CC BY 4.0,https://peritune.com/,286,4,channel
B 탐험,B3_castle,성/왕궁,The entrance of Queen of fate,MusMus,Cly6Q_u-qqY,https://www.youtube.com/watch?v=Cly6Q_u-qqY,Free with attribution (musmus.main.jp),https://musmus.main.jp/,74,2,channel
B 탐험,B3_castle,성/왕궁,ネオロック78 Speed King,魔王魂 (森田交一),BSizfLrGSXw,https://www.youtube.com/watch?v=BSizfLrGSXw,Free with attribution (maou.audio terms),https://maou.audio/,79,1,channel
B 탐험,B3_castle,성/왕궁,War Is Just Fu*king Murder,Alexander Nakarada,Og3CEdRIMGc,https://www.youtube.com/watch?v=Og3CEdRIMGc,CC BY 4.0,https://www.creatorchords.com/,210,4,channel
B 탐험,B3_castle,성/왕궁,Alexandr Zhelanov - For the king FREE TO USE,Alexandr Zhelanov,hFM8ge2mZJ4,https://www.youtube.com/watch?v=hFM8ge2mZJ4,CC BY 3.0/4.0,https://soundcloud.com/alexandr-zhelanov,271,4,channel
B 탐험,B3_castle,성/왕궁,"Fantasy/Emotional Music - - In Honour of the King, part two",Vindsvept,XCd0UrutDX4,https://www.youtube.com/watch?v=XCd0UrutDX4,Free with attribution (non-commercial),https://vindsvept.bandcamp.com/,249,4,channel
B 탐험,B3_castle,성/왕궁,Spring Fantasy Music - The Rose Court 🌹,Derek & Brandon Fiechter,byD5GWCJVFA,https://www.youtube.com/watch?v=byD5GWCJVFA,Free with attribution (non-commercial),https://www.youtube.com/@Fiechters,253,4,channel
B 탐험,B3_castle,성/왕궁,"King Arthur Music ""Fighting The Avanc"" Royalty Free",Darren Curtis,5F2QDwqDLWU,https://www.youtube.com/watch?v=5F2QDwqDLWU,Free with attribution,https://www.darrencurtismusic.com/,144,3,channel
B 탐험,B3_castle,성/왕궁,After the Empire (Soundtrack) - Edge of Night,Tim Beek,PpedbjP6Nd4,https://www.youtube.com/watch?v=PpedbjP6Nd4,Free with attribution (timbeek.com),https://timbeek.com/,227,4,channel
B 탐험,B3_castle,성/왕궁,Pocket Playground OST - Zone King,Ben Burnes (Abstraction),DMH3q_nXK6Y,https://www.youtube.com/watch?v=DMH3q_nXK6Y,Free with attribution,https://abstractionmusic.com/,128,3,channel
B 탐험,B3_castle,성/왕궁,Kingdom of Buffoons,Eric Matyas (Soundimage.org),7NCxumcFbLY,https://www.youtube.com/watch?v=7NCxumcFbLY,Free with attribution,https://soundimage.org/,117,3,channel
B 탐험,B3_castle,성/왕궁,CRASH QUEEN (feat. M Gewehr) - EXTREME MEATPUNKS FORE : POWERED BY BLOOD OST,Visager,8h-dRUf74EI,https://www.youtube.com/watch?v=8h-dRUf74EI,CC BY 4.0,https://visager.bandcamp.com/,195,2,channel
B 탐험,B3_castle,성/왕궁,PANICPUMPKIN No.042 りゅうのすむおしろ,PANICPUMPKIN (みそか),99GlqxgueBI,https://www.youtube.com/watch?v=99GlqxgueBI,Free with attribution (panicpumpkin terms),https://pansound.com/panicpumpkin/,120,3,channel
B 탐험,B3_castle,성/왕궁,Queen Nereid / 巡音ルカ Remastered,PeriTune,Sa3_hGVEOK8,https://www.youtube.com/watch?v=Sa3_hGVEOK8,CC BY 4.0,https://peritune.com/,280,4,channel
B 탐험,B3_castle,성/왕궁,Hall of the Mountain King,Alexander Nakarada,qu6IeJabEro,https://www.youtube.com/watch?v=qu6IeJabEro,CC BY 4.0,https://www.creatorchords.com/,154,3,channel
B 탐험,B3_castle,성/왕궁,Alexandr Zhelanov - Royal Troops (FreeCol OST),Alexandr Zhelanov,yBJr_0GXLsk,https://www.youtube.com/watch?v=yBJr_0GXLsk,CC BY 3.0/4.0,https://soundcloud.com/alexandr-zhelanov,140,3,channel
B 탐험,B3_castle,성/왕궁,Orchestral Music - - In Honour of the King,Vindsvept,Ck3BkAMmsUM,https://www.youtube.com/watch?v=Ck3BkAMmsUM,Free with attribution (non-commercial),https://vindsvept.bandcamp.com/,225,4,channel
B 탐험,B3_castle,성/왕궁,Spooky Halloween Music - Halloween Castle,Derek & Brandon Fiechter,3dlgxP26jhI,https://www.youtube.com/watch?v=3dlgxP26jhI,Free with attribution (non-commercial),https://www.youtube.com/@Fiechters,248,4,channel
B 탐험,B4_dungeon,던전/동굴,Single Lane Tunnel,Nihilore,gvnfarXh8Lk,https://www.youtube.com/watch?v=gvnfarXh8Lk,CC BY 4.0,https://www.nihilore.com/,424,4,channel
B 탐험,B4_dungeon,던전/동굴,Mysterious Dungeon BGM 'Time and Pray',PeriTune,EY-sFXS8QCM,https://www.youtube.com/watch?v=EY-sFXS8QCM,CC BY 4.0,https://peritune.com/,404,4,channel
B 탐험,B4_dungeon,던전/동굴,ループ -塔・洞窟・不思議 by hitoshi /,Senses Circuit,adpjOUCLINg,https://www.youtube.com/watch?v=adpjOUCLINg,Free with attribution (senses-circuit.com),https://www.senses-circuit.com/,371,4,channel
B 탐험,B4_dungeon,던전/동굴,Top Down Dungeon Crawler - Synthwave,TeknoAXE,c_SYbkqWtYA,https://www.youtube.com/watch?v=c_SYbkqWtYA,CC BY 4.0,https://teknoaxe.com/,328,4,channel
B 탐험,B4_dungeon,던전/동굴,"Catacombs - 2HTC, Season 17",Ben Burnes (Abstraction),6Us7dh9XyrI,https://www.youtube.com/watch?v=6Us7dh9XyrI,Free with attribution,https://abstractionmusic.com/,302,4,channel
B 탐험,B4_dungeon,던전/동굴,Alexandr Zhelanov - MA Project Dungeon (FREE TO USE),Alexandr Zhelanov,YldirLiVmF8,https://www.youtube.com/watch?v=YldirLiVmF8,CC BY 3.0/4.0,https://soundcloud.com/alexandr-zhelanov,274,4,channel
B 탐험,B4_dungeon,던전/동굴,Maze,Ross Bugden,CP43N8eH5DM,https://www.youtube.com/watch?v=CP43N8eH5DM,Free with attribution,https://www.youtube.com/@RossBugden,249,4,channel
B 탐험,B4_dungeon,던전/동굴,玻璃の洞窟,DOVA-SYNDROME (official),DTZiPO72cg8,https://www.youtube.com/watch?v=DTZiPO72cg8,Free (DOVA-SYNDROME license),https://dova-s.jp/,233,4,channel
B 탐험,B4_dungeon,던전/동굴,Spooky Music - Phantom Cave,Derek & Brandon Fiechter,V3fh1jeM9e8,https://www.youtube.com/watch?v=V3fh1jeM9e8,Free with attribution (non-commercial),https://www.youtube.com/@Fiechters,231,4,channel
B 탐험,B4_dungeon,던전/동굴,PANICPUMPKIN No.242 さいかそうのとびらへ,PANICPUMPKIN (みそか),a1nUyaWOusg,https://www.youtube.com/watch?v=a1nUyaWOusg,Free with attribution (panicpumpkin terms),https://pansound.com/panicpumpkin/,230,4,channel
B 탐험,B4_dungeon,던전/동굴,RPG Dungeon Ambient Music Theme,Darren Curtis,jRRYLv4Q480,https://www.youtube.com/watch?v=jRRYLv4Q480,Free with attribution,https://www.darrencurtismusic.com/,225,4,channel
B 탐험,B4_dungeon,던전/동굴,Cavedweller Hollow Island OST Dungeon theme,Vindsvept,GLhQjVYYs5Y,https://www.youtube.com/watch?v=GLhQjVYYs5Y,Free with attribution (non-commercial),https://vindsvept.bandcamp.com/,210,4,channel
B 탐험,B4_dungeon,던전/동굴,Sergey Cheremisinov - Forgotten Stars - Labyrinth ( music),Sergey Cheremisinov,DUrYVuq9d7w,https://www.youtube.com/watch?v=DUrYVuq9d7w,CC BY 4.0,https://www.cheremisinov.com/,193,4,channel
B 탐험,B4_dungeon,던전/동굴,洞窟物語 つきのうた アレンジ | Cave Story / Moon Song Arrange,MusMus,_rKyJl1fWtk,https://www.youtube.com/watch?v=_rKyJl1fWtk,Free with attribution (musmus.main.jp),https://musmus.main.jp/,165,3,channel
B 탐험,B4_dungeon,던전/동굴,Bullfrog Dungeon (Free Chiptune ),Trevor Lentz,7c970DVTewE,https://www.youtube.com/watch?v=7c970DVTewE,CC BY 3.0,https://opengameart.org/users/trevor-lentz,141,3,channel
B 탐험,B4_dungeon,던전/동굴,Music from 'Lush Caves' - Animation Vs. Minecraft Ep. 24,Scott Buckley,dDfWXl0Ks8Y,https://www.youtube.com/watch?v=dDfWXl0Ks8Y,CC BY 4.0,https://www.scottbuckley.com.au/,136,3,channel
B 탐험,B4_dungeon,던전/동굴,Frostroot Dungeon,Visager,3WA0ueemJMI,https://www.youtube.com/watch?v=3WA0ueemJMI,CC BY 4.0,https://visager.bandcamp.com/,125,3,channel
B 탐험,B4_dungeon,던전/동굴,Underground Stream,Eric Matyas (Soundimage.org),fg3963eEy24,https://www.youtube.com/watch?v=fg3963eEy24,Free with attribution,https://soundimage.org/,120,3,channel
B 탐험,B4_dungeon,던전/동굴,Tim Beek - Underground Laboratory,Tim Beek,jTXp6Rw-hSA,https://www.youtube.com/watch?v=jTXp6Rw-hSA,Free with attribution (timbeek.com),https://timbeek.com/,104,3,channel
B 탐험,B4_dungeon,던전/동굴,8bit Dungeon Boss,Kevin MacLeod,BLoHAZr4_mQ,https://www.youtube.com/watch?v=BLoHAZr4_mQ,CC BY 4.0,https://incompetech.com/,172,1,incompetech
B 탐험,B4_dungeon,던전/동굴,M3-2015春 Light and Oracle Crystal Cave,PeriTune,Ns0XF77Jzek,https://www.youtube.com/watch?v=Ns0XF77Jzek,CC BY 4.0,https://peritune.com/,316,4,channel
B 탐험,B4_dungeon,던전/동굴,ループ -地下 洞窟 鉱山BGM by hitoshi /,Senses Circuit,UOVsu_lGqf0,https://www.youtube.com/watch?v=UOVsu_lGqf0,Free with attribution (senses-circuit.com),https://www.senses-circuit.com/,320,4,channel
B 탐험,B4_dungeon,던전/동굴,Cave Dweller - Soundscape/Downtempo,TeknoAXE,J34uAAlP46M,https://www.youtube.com/watch?v=J34uAAlP46M,CC BY 4.0,https://teknoaxe.com/,295,4,channel
B 탐험,B4_dungeon,던전/동굴,"Mineshaft Fairies - 2HTC, Season 24",Ben Burnes (Abstraction),eNFoFUlD4pQ,https://www.youtube.com/watch?v=eNFoFUlD4pQ,Free with attribution,https://abstractionmusic.com/,271,4,channel
B 탐험,B4_dungeon,던전/동굴,地下室の案内人,DOVA-SYNDROME (official),IYny9DfRpPE,https://www.youtube.com/watch?v=IYny9DfRpPE,Free (DOVA-SYNDROME license),https://dova-s.jp/,222,4,channel
B 탐험,B4_dungeon,던전/동굴,Dark Music - Spooky Pumpkin Cave,Derek & Brandon Fiechter,AZ97go0Uhqg,https://www.youtube.com/watch?v=AZ97go0Uhqg,Free with attribution (non-commercial),https://www.youtube.com/@Fiechters,226,4,channel
B 탐험,B4_dungeon,던전/동굴,PANICPUMPKIN No.243 てまねくまぼろし,PANICPUMPKIN (みそか),t9DOl4OIK2c,https://www.youtube.com/watch?v=t9DOl4OIK2c,Free with attribution (panicpumpkin terms),https://pansound.com/panicpumpkin/,210,4,channel
B 탐험,B4_dungeon,던전/동굴,"Free Scary Dark Music Royalty Free ""Mystic Dungeon""",Darren Curtis,e1VLnLWr5f8,https://www.youtube.com/watch?v=e1VLnLWr5f8,Free with attribution,https://www.darrencurtismusic.com/,147,3,channel
B 탐험,B4_dungeon,던전/동굴,Emotional Music - & Merrigan - Into the Depths,Vindsvept,7SgWy8lLeWE,https://www.youtube.com/watch?v=7SgWy8lLeWE,Free with attribution (non-commercial),https://vindsvept.bandcamp.com/,206,4,channel
B 탐험,B4_dungeon,던전/동굴,洞窟,MusMus,VVSHQUDwLjI,https://www.youtube.com/watch?v=VVSHQUDwLjI,Free with attribution (musmus.main.jp),https://musmus.main.jp/,56,1,channel
B 탐험,B4_dungeon,던전/동굴,Fairy Cave,Visager,0OwPnfWUQB4,https://www.youtube.com/watch?v=0OwPnfWUQB4,CC BY 4.0,https://visager.bandcamp.com/,45,1,channel
B 탐험,B4_dungeon,던전/동굴,Secret Catacombs,Eric Matyas (Soundimage.org),v4fq3ZxqIUE,https://www.youtube.com/watch?v=v4fq3ZxqIUE,Free with attribution,https://soundimage.org/,108,3,channel
B 탐험,B4_dungeon,던전/동굴,Mineral Cave | Music for Games | by Tim Beek,Tim Beek,Dj7-G90dGfA,https://www.youtube.com/watch?v=Dj7-G90dGfA,Free with attribution (timbeek.com),https://timbeek.com/,46,1,channel
B 탐험,B4_dungeon,던전/동굴,Video Dungeon Boss,Kevin MacLeod,UMx-zLN0f7U,https://www.youtube.com/watch?v=UMx-zLN0f7U,CC BY 4.0,https://incompetech.com/,134,1,incompetech
B 탐험,B4_dungeon,던전/동굴,"16-bit SNES-style JRPG Dungeon Music ""RetroRPG_Field""",PeriTune,z2gt2bn1dss,https://www.youtube.com/watch?v=z2gt2bn1dss,CC BY 4.0,https://peritune.com/,297,4,channel
B 탐험,B4_dungeon,던전/동굴,ループ -ダンジョン インタラクティブBGM by hitoshi /,Senses Circuit,HS497kOVajU,https://www.youtube.com/watch?v=HS497kOVajU,Free with attribution (senses-circuit.com),https://www.senses-circuit.com/,275,4,channel
B 탐험,B4_dungeon,던전/동굴,Underground - Suspense/Background,TeknoAXE,ybf2RR2Dyno,https://www.youtube.com/watch?v=ybf2RR2Dyno,CC BY 4.0,https://teknoaxe.com/,289,4,channel
B 탐험,B4_dungeon,던전/동굴,"Underwater Cave - 2HTC, Season 15",Ben Burnes (Abstraction),eHEHpcPdPjU,https://www.youtube.com/watch?v=eHEHpcPdPjU,Free with attribution,https://abstractionmusic.com/,257,4,channel
B 탐험,B4_dungeon,던전/동굴,地下室の案内人,DOVA-SYNDROME (official),ZAA7NVPGn7Y,https://www.youtube.com/watch?v=ZAA7NVPGn7Y,Free (DOVA-SYNDROME license),https://dova-s.jp/,128,3,channel
B 탐험,B4_dungeon,던전/동굴,Fantasy Music - Dragon's Cave,Derek & Brandon Fiechter,cObvw1y9-PY,https://www.youtube.com/watch?v=cObvw1y9-PY,Free with attribution (non-commercial),https://www.youtube.com/@Fiechters,224,4,channel
B 탐험,B5_temple,탑/신전/고대유적,Ri Fire,Kevin MacLeod,RYPTiLdfRS8,https://www.youtube.com/watch?v=RYPTiLdfRS8,CC BY 4.0,https://incompetech.com/,400,5,incompetech
B 탐험,B5_temple,탑/신전/고대유적,Forgotten Magic - Fantasy/Piano Music,Vindsvept,nxUw_2UocBQ,https://www.youtube.com/watch?v=nxUw_2UocBQ,Free with attribution (non-commercial),https://vindsvept.bandcamp.com/,254,5,channel
B 탐험,B5_temple,탑/신전/고대유적,A New Spire - Downtempo/Chill,TeknoAXE,y5LnbMDbaq8,https://www.youtube.com/watch?v=y5LnbMDbaq8,CC BY 4.0,https://teknoaxe.com/,220,5,channel
B 탐험,B5_temple,탑/신전/고대유적,"""Ancient Jungle Ruins!"" Mysterious Calm Puzzle Game Music",HeatleyBros,-dOGJR4UuyY,https://www.youtube.com/watch?v=-dOGJR4UuyY,Free with attribution,https://www.heatleybros.com/,161,5,channel
B 탐험,B5_temple,탑/신전/고대유적,"Free Elven Music Royalty Free ""A Time Forgotten"" Peaceful Theme",Darren Curtis,3IWVtJ3loVQ,https://www.youtube.com/watch?v=3IWVtJ3loVQ,Free with attribution,https://www.darrencurtismusic.com/,141,5,channel
B 탐험,B5_temple,탑/신전/고대유적,Fantastic Tower/Temple Dungeon BGM 'Dungeon_Tower',PeriTune,C03wgPMeeUs,https://www.youtube.com/watch?v=C03wgPMeeUs,CC BY 4.0,https://peritune.com/,681,4,channel
B 탐험,B5_temple,탑/신전/고대유적,"The Maker's Eden, Act 3 - A Crumbling Tower",Ben Burnes (Abstraction),41Avgvf4qI0,https://www.youtube.com/watch?v=41Avgvf4qI0,Free with attribution,https://abstractionmusic.com/,641,4,channel
B 탐험,B5_temple,탑/신전/고대유적,Building Nests in the Ruins,Nihilore,QhqU8lNQg4E,https://www.youtube.com/watch?v=QhqU8lNQg4E,CC BY 4.0,https://www.nihilore.com/,304,4,channel
B 탐험,B5_temple,탑/신전/고대유적,"'Sanctum' Uplifting, Emotional Orchestral",Scott Buckley,BGYhc2zZj6g,https://www.youtube.com/watch?v=BGYhc2zZj6g,CC BY 4.0,https://www.scottbuckley.com.au/,254,4,channel
B 탐험,B5_temple,탑/신전/고대유적,Ancient Arabian Music - Palm Tree Oasis,Derek & Brandon Fiechter,u50gg0g2txw,https://www.youtube.com/watch?v=u50gg0g2txw,Free with attribution (non-commercial),https://www.youtube.com/@Fiechters,253,4,channel
B 탐험,B5_temple,탑/신전/고대유적,Sergey Cheremisinov - Forgotten Stars - Forgotten Stars ( music),Sergey Cheremisinov,-JS4sBajR2k,https://www.youtube.com/watch?v=-JS4sBajR2k,CC BY 4.0,https://www.cheremisinov.com/,246,4,channel
B 탐험,B5_temple,탑/신전/고대유적,❰Future Garage❱ Electus - Temple of Light (Sappheiros Remix),Sappheiros,1Cqm06w8rQc,https://www.youtube.com/watch?v=1Cqm06w8rQc,CC BY 3.0,https://soundcloud.com/sappheirosmusic,228,4,channel
B 탐험,B5_temple,탑/신전/고대유적,Alexandr Zhelanov - FL Tower of Great Lords (FREE TO USE),Alexandr Zhelanov,hfr1I3UdZiw,https://www.youtube.com/watch?v=hfr1I3UdZiw,CC BY 3.0/4.0,https://soundcloud.com/alexandr-zhelanov,227,4,channel
B 탐험,B5_temple,탑/신전/고대유적,PANICPUMPKIN No.125 ながれもののまち,PANICPUMPKIN (みそか),r36nmzqD3oA,https://www.youtube.com/watch?v=r36nmzqD3oA,Free with attribution (panicpumpkin terms),https://pansound.com/panicpumpkin/,226,4,channel
B 탐험,B5_temple,탑/신전/고대유적,Flying O Ancient Lands,Eric Matyas (Soundimage.org),Gmy1ggY8L4Y,https://www.youtube.com/watch?v=Gmy1ggY8L4Y,Free with attribution,https://soundimage.org/,184,4,channel
B 탐험,B5_temple,탑/신전/고대유적,卒塔婆が揺れる,DOVA-SYNDROME (official),EUBnRgxdV2E,https://www.youtube.com/watch?v=EUBnRgxdV2E,Free (DOVA-SYNDROME license),https://dova-s.jp/,183,4,channel
B 탐험,B5_temple,탑/신전/고대유적,Kai Engel - Forgotten Marches - Music,Kai Engel,YQH6OfgaNXo,https://www.youtube.com/watch?v=YQH6OfgaNXo,CC BY 4.0,https://www.kai-engel.com/,161,4,channel
B 탐험,B5_temple,탑/신전/고대유적,また遺跡探索サイバー26,魔王魂 (森田交一),vZ9RZF5hhjM,https://www.youtube.com/watch?v=vZ9RZF5hhjM,Free with attribution (maou.audio terms),https://maou.audio/,153,4,channel
B 탐험,B5_temple,탑/신전/고대유적,ループ -遺跡・寺院・砂漠BGM by hitoshi /,Senses Circuit,jAdJey7Egw0,https://www.youtube.com/watch?v=jAdJey7Egw0,Free with attribution (senses-circuit.com),https://www.senses-circuit.com/,140,4,channel
B 탐험,B5_temple,탑/신전/고대유적,Ancient,Tim Beek,GeGFkt04eyY,https://www.youtube.com/watch?v=GeGFkt04eyY,Free with attribution (timbeek.com),https://timbeek.com/,128,4,channel
B 탐험,B5_temple,탑/신전/고대유적,300-A: Desecrated Temple - Aaron Krogh,Aaron Krogh,GJrlpzu8ZbY,https://www.youtube.com/watch?v=GJrlpzu8ZbY,Free with attribution,https://soundcloud.com/aaron-anderson-11,109,4,channel
B 탐험,B5_temple,탑/신전/고대유적,Runestone Temple,Visager,_f584-yA__I,https://www.youtube.com/watch?v=_f584-yA__I,CC BY 4.0,https://visager.bandcamp.com/,100,4,channel
B 탐험,B5_temple,탑/신전/고대유적,塔,MusMus,jCDXidASg5E,https://www.youtube.com/watch?v=jCDXidASg5E,Free with attribution (musmus.main.jp),https://musmus.main.jp/,97,3,channel
B 탐험,B5_temple,탑/신전/고대유적,Hidden Past,Kevin MacLeod,wnmWG3NUgbQ,https://www.youtube.com/watch?v=wnmWG3NUgbQ,CC BY 4.0,https://incompetech.com/,192,4,incompetech
B 탐험,B5_temple,탑/신전/고대유적,Emotional Music - - The Forgotten Forest Music Video,Vindsvept,wUJgjeIzjV0,https://www.youtube.com/watch?v=wUJgjeIzjV0,Free with attribution (non-commercial),https://vindsvept.bandcamp.com/,224,4,channel
B 탐험,B5_temple,탑/신전/고대유적,Return of the Spire - Synthwave,TeknoAXE,F6780Cks8bg,https://www.youtube.com/watch?v=F6780Cks8bg,CC BY 4.0,https://teknoaxe.com/,344,4,channel
B 탐험,B5_temple,탑/신전/고대유적,"Free Dark Atmospheric Sci-Fi Music ""Entering The Inner Sanctum""",Darren Curtis,l8m0icWKnGo,https://www.youtube.com/watch?v=l8m0icWKnGo,Free with attribution,https://www.darrencurtismusic.com/,139,5,channel
B 탐험,B5_temple,탑/신전/고대유적,"Steampunk Fortress Music ""Steam_Fortress""",PeriTune,odfg3GNRP0M,https://www.youtube.com/watch?v=odfg3GNRP0M,CC BY 4.0,https://peritune.com/,428,4,channel
B 탐험,B5_temple,탑/신전/고대유적,Ayre OST - 02 - In a Long Forgotten World,Ben Burnes (Abstraction),WDjkeNXpo8Y,https://www.youtube.com/watch?v=WDjkeNXpo8Y,Free with attribution,https://abstractionmusic.com/,388,4,channel
B 탐험,B5_temple,탑/신전/고대유적,Epic Baroque Music - Ancient Tower,Derek & Brandon Fiechter,8l77uLyPiIY,https://www.youtube.com/watch?v=8l77uLyPiIY,Free with attribution (non-commercial),https://www.youtube.com/@Fiechters,249,4,channel
B 탐험,B5_temple,탑/신전/고대유적,Sergey Cheremisinov - Forgotten Stars - Back to Home ( music),Sergey Cheremisinov,qJNLOVrT61U,https://www.youtube.com/watch?v=qJNLOVrT61U,CC BY 4.0,https://www.cheremisinov.com/,202,4,channel
B 탐험,B5_temple,탑/신전/고대유적,Alexandr Zhelanov - Ancient Temple FREE TO USE,Alexandr Zhelanov,HMCXXIUrjow,https://www.youtube.com/watch?v=HMCXXIUrjow,CC BY 3.0/4.0,https://soundcloud.com/alexandr-zhelanov,97,3,channel
B 탐험,B5_temple,탑/신전/고대유적,PANICPUMPKIN No.005 ほろびたおしろ,PANICPUMPKIN (みそか),hDLpCLt0Uks,https://www.youtube.com/watch?v=hDLpCLt0Uks,Free with attribution (panicpumpkin terms),https://pansound.com/panicpumpkin/,197,4,channel
B 탐험,B5_temple,탑/신전/고대유적,The Forgotten Forest,Eric Matyas (Soundimage.org),7k-ivvzqGwA,https://www.youtube.com/watch?v=7k-ivvzqGwA,Free with attribution,https://soundimage.org/,119,4,channel
B 탐험,B5_temple,탑/신전/고대유적,オーケストラ19 Burnt ruins,魔王魂 (森田交一),0M7wJkhhk-g,https://www.youtube.com/watch?v=0M7wJkhhk-g,Free with attribution (maou.audio terms),https://maou.audio/,121,4,channel
B 탐험,B5_temple,탑/신전/고대유적,ループ -神殿・宇宙・海底BGM by hitoshi /,Senses Circuit,2h36ShsAPV0,https://www.youtube.com/watch?v=2h36ShsAPV0,Free with attribution (senses-circuit.com),https://www.senses-circuit.com/,135,4,channel
B 탐험,B5_temple,탑/신전/고대유적,Ancient Conflict | By Tim Beek,Tim Beek,Be0eqFQWxeo,https://www.youtube.com/watch?v=Be0eqFQWxeo,Free with attribution (timbeek.com),https://timbeek.com/,111,4,channel
B 탐험,B5_temple,탑/신전/고대유적,Citadel One - Soundscape,TeknoAXE,W9-DYjOt14c,https://www.youtube.com/watch?v=W9-DYjOt14c,CC BY 4.0,https://teknoaxe.com/,296,4,channel
B 탐험,B5_temple,탑/신전/고대유적,Ancient Dragons: Frozen Sword Soundtrack,Darren Curtis,j4Cp9XXcXL4,https://www.youtube.com/watch?v=j4Cp9XXcXL4,Free with attribution,https://www.darrencurtismusic.com/,144,4,channel
B 탐험,B5_temple,탑/신전/고대유적,"Ancient Ruins & Jungle Adventure BGM ""Lost_Place6""",PeriTune,SWUthfq_zaU,https://www.youtube.com/watch?v=SWUthfq_zaU,CC BY 4.0,https://peritune.com/,403,4,channel
B 탐험,B6_vehicle,배/비공정/탈것,Soaring,Kevin MacLeod,y7RPOeP-7aI,https://www.youtube.com/watch?v=y7RPOeP-7aI,CC BY 4.0,https://incompetech.com/,380,5,incompetech
B 탐험,B6_vehicle,배/비공정/탈것,Meydän - Clouds | Ambient,Meydän,UpmhEt1i1oc,https://www.youtube.com/watch?v=UpmhEt1i1oc,CC BY 4.0,https://meydan.bandcamp.com/,375,5,channel
B 탐험,B6_vehicle,배/비공정/탈것,'Fore Sky' Uplifting Ambient Rock,Scott Buckley,uevsxl0aw3k,https://www.youtube.com/watch?v=uevsxl0aw3k,CC BY 4.0,https://www.scottbuckley.com.au/,323,5,channel
B 탐험,B6_vehicle,배/비공정/탈것,Wings and Wonders - Draconia OST - Ambient Fantasy Music,Vindsvept,9caXSs1VHJ0,https://www.youtube.com/watch?v=9caXSs1VHJ0,Free with attribution (non-commercial),https://vindsvept.bandcamp.com/,281,5,channel
B 탐험,B6_vehicle,배/비공정/탈것,Reaching the Sky (Long ) // Royalty Free Emotional Epic Piano Music,Alexander Nakarada,gFiKftNV_RY,https://www.youtube.com/watch?v=gFiKftNV_RY,CC BY 4.0,https://www.creatorchords.com/,254,5,channel
B 탐험,B6_vehicle,배/비공정/탈것,"Bittersweet Piano Beat ""Reaching For The Sky""",Darren Curtis,wMs6s7CxagI,https://www.youtube.com/watch?v=wMs6s7CxagI,Free with attribution,https://www.darrencurtismusic.com/,239,5,channel
B 탐험,B6_vehicle,배/비공정/탈것,Relaxing Japanese Music - Moonlit Sky,Derek & Brandon Fiechter,Xz1682aRiIE,https://www.youtube.com/watch?v=Xz1682aRiIE,Free with attribution (non-commercial),https://www.youtube.com/@Fiechters,233,5,channel
B 탐험,B6_vehicle,배/비공정/탈것,Head in the Clouds - Ambient/Background,TeknoAXE,jxx6HxfeXyk,https://www.youtube.com/watch?v=jxx6HxfeXyk,CC BY 4.0,https://teknoaxe.com/,228,5,channel
B 탐험,B6_vehicle,배/비공정/탈것,"The Maker's Eden, Act 3 - The Amber Clouds",Ben Burnes (Abstraction),NG5Jj8XAkAI,https://www.youtube.com/watch?v=NG5Jj8XAkAI,Free with attribution,https://abstractionmusic.com/,618,4,channel
B 탐험,B6_vehicle,배/비공정/탈것,Cinematic BGM in the Sky: 'Firmament 3,PeriTune,mzKBNfqPaZc,https://www.youtube.com/watch?v=mzKBNfqPaZc,CC BY 4.0,https://peritune.com/,554,4,channel
B 탐험,B6_vehicle,배/비공정/탈것,No Man's Sky on the Radeon HD 7950 and Initial Thoughts,Trevor Lentz,EuIaENxQjLc,https://www.youtube.com/watch?v=EuIaENxQjLc,CC BY 3.0,https://opengameart.org/users/trevor-lentz,506,4,channel
B 탐험,B6_vehicle,배/비공정/탈것,空っぽの箱-切ない・星空・虚無 by hitoshi /,Senses Circuit,92uECl6oY8g,https://www.youtube.com/watch?v=92uECl6oY8g,Free with attribution (senses-circuit.com),https://www.senses-circuit.com/,495,4,channel
B 탐험,B6_vehicle,배/비공정/탈것,Happy Little Clouds,Lee Rosevere,y2mYvhBIfwg,https://www.youtube.com/watch?v=y2mYvhBIfwg,CC BY 4.0,https://leerosevere.bandcamp.com/,492,4,channel
B 탐험,B6_vehicle,배/비공정/탈것,Monplaisir - The Sky is turning Red,Loyalty Freak Music / Komiku,ATyTbcWzq4w,https://www.youtube.com/watch?v=ATyTbcWzq4w,CC0,https://loyaltyfreakmusic.com/,397,4,channel
B 탐험,B6_vehicle,배/비공정/탈것,Sappheiros(ZRiS) & Avsten - Glide,Sappheiros,o58iXH-puzc,https://www.youtube.com/watch?v=o58iXH-puzc,CC BY 3.0,https://soundcloud.com/sappheirosmusic,355,4,channel
B 탐험,B6_vehicle,배/비공정/탈것,Push Clouds,Nihilore,nWLF-OV5FjI,https://www.youtube.com/watch?v=nWLF-OV5FjI,CC BY 4.0,https://www.nihilore.com/,333,4,channel
B 탐험,B6_vehicle,배/비공정/탈것,Kai Engel - Mist and Clouds - Music,Kai Engel,66ycHJNkH50,https://www.youtube.com/watch?v=66ycHJNkH50,CC BY 4.0,https://www.kai-engel.com/,299,4,channel
B 탐험,B6_vehicle,배/비공정/탈것,Alexandr Zhelanov - Immortal Flying Machine,Alexandr Zhelanov,yj0cy7PT5Wc,https://www.youtube.com/watch?v=yj0cy7PT5Wc,CC BY 3.0/4.0,https://soundcloud.com/alexandr-zhelanov,293,4,channel
B 탐험,B6_vehicle,배/비공정/탈것,Sergey Cheremisinov - Gateway - First Flight ( music),Sergey Cheremisinov,ld-HUH-G690,https://www.youtube.com/watch?v=ld-HUH-G690,CC BY 4.0,https://www.cheremisinov.com/,265,4,channel
B 탐험,B6_vehicle,배/비공정/탈것,空が見えない日,DOVA-SYNDROME (official),5n7p98kiQ-8,https://www.youtube.com/watch?v=5n7p98kiQ-8,Free (DOVA-SYNDROME license),https://dova-s.jp/,263,4,channel
B 탐험,B6_vehicle,배/비공정/탈것,♩♫ Epic and Dramatic Music ♪♬ - Flight Hymn (Copyright and Royalty Free),Ross Bugden,XCr0bsng60Y,https://www.youtube.com/watch?v=XCr0bsng60Y,Free with attribution,https://www.youtube.com/@RossBugden,250,4,channel
B 탐험,B6_vehicle,배/비공정/탈것,Flying Bed Room / Copyright,MusMus,ZLLn3FNyc5s,https://www.youtube.com/watch?v=ZLLn3FNyc5s,Free with attribution (musmus.main.jp),https://musmus.main.jp/,215,4,channel
B 탐험,B6_vehicle,배/비공정/탈것,Sky Runner,Eric Matyas (Soundimage.org),63bOq4dsng8,https://www.youtube.com/watch?v=63bOq4dsng8,Free with attribution,https://soundimage.org/,198,4,channel
B 탐험,B6_vehicle,배/비공정/탈것,ハヤシユウ / 夏空へ,ハヤシユウ,duKFuH3eVjw,https://www.youtube.com/watch?v=duKFuH3eVjw,Free (DOVA-SYNDROME license),https://dova-s.jp/,194,4,channel
B 탐험,B6_vehicle,배/비공정/탈것,Space Flight,Tim Beek,Qelelnc1NKg,https://www.youtube.com/watch?v=Qelelnc1NKg,Free with attribution (timbeek.com),https://timbeek.com/,184,4,channel
B 탐험,B6_vehicle,배/비공정/탈것,Matthew Pablo Live at Jammin Java - Into The Sky,Matthew Pablo,9yxXEGtE2Bk,https://www.youtube.com/watch?v=9yxXEGtE2Bk,CC BY 3.0,https://matthewpablo.com/,167,4,channel
B 탐험,B6_vehicle,배/비공정/탈것,Punch Deck - Grey Sky,Punch Deck,HiExaMgWUeU,https://www.youtube.com/watch?v=HiExaMgWUeU,CC BY 4.0,https://punchdeck.bandcamp.com/,166,4,channel
B 탐험,B6_vehicle,배/비공정/탈것,292: Touch the Sky ( ) - Aaron Krogh,Aaron Krogh,2Viv35kjiew,https://www.youtube.com/watch?v=2Viv35kjiew,Free with attribution,https://soundcloud.com/aaron-anderson-11,146,4,channel
B 탐험,B6_vehicle,배/비공정/탈것,Balloon Adventure /,Kyatto,u9gKoAx0Gr0,https://www.youtube.com/watch?v=u9gKoAx0Gr0,Free with attribution,https://www.youtube.com/@Kyatto,128,4,channel
B 탐험,B6_vehicle,배/비공정/탈것,秋空の様なアコースティック14,魔王魂 (森田交一),AF91WZCGLYQ,https://www.youtube.com/watch?v=AF91WZCGLYQ,Free with attribution (maou.audio terms),https://maou.audio/,94,3,channel
B 탐험,B6_vehicle,배/비공정/탈것,"""8 Bit Soar!"" Fast and Inspiring Game Music",HeatleyBros,jW4qWJ4ag-U,https://www.youtube.com/watch?v=jW4qWJ4ag-U,Free with attribution,https://www.heatleybros.com/,236,2,channel
B 탐험,B6_vehicle,배/비공정/탈것,Cloud Dancer,Kevin MacLeod,oYCpDE6DaC4,https://www.youtube.com/watch?v=oYCpDE6DaC4,CC BY 4.0,https://incompetech.com/,222,4,channel
B 탐험,B6_vehicle,배/비공정/탈것,Meydän - All She E Wanted Was To Fly,Meydän,V80pbGDglgY,https://www.youtube.com/watch?v=V80pbGDglgY,CC BY 4.0,https://meydan.bandcamp.com/,112,4,channel
B 탐험,B6_vehicle,배/비공정/탈것,'Castles in the Sky' Dreamy Happy Piano & Strings,Scott Buckley,GNBiV-E48Xc,https://www.youtube.com/watch?v=GNBiV-E48Xc,CC BY 4.0,https://www.scottbuckley.com.au/,227,5,channel
B 탐험,B6_vehicle,배/비공정/탈것,Soaring - Draconia OST,Vindsvept,SmiNy4mkSjs,https://www.youtube.com/watch?v=SmiNy4mkSjs,Free with attribution (non-commercial),https://vindsvept.bandcamp.com/,215,4,channel
B 탐험,B6_vehicle,배/비공정/탈것,"Royalty Free Emotional Piano Music ""Reaching the Sky (recreated 2020)"" + MIDI file",Alexander Nakarada,eyjmYOKbzAA,https://www.youtube.com/watch?v=eyjmYOKbzAA,CC BY 4.0,https://www.creatorchords.com/,205,5,channel
B 탐험,B6_vehicle,배/비공정/탈것,"Peaceful Sci-Fi Music ""Among The Clouds"" Royalty Free",Darren Curtis,27aVqby__50,https://www.youtube.com/watch?v=27aVqby__50,Free with attribution,https://www.darrencurtismusic.com/,109,5,channel
B 탐험,B6_vehicle,배/비공정/탈것,Steampunk Music - Deep Sea Voyage,Derek & Brandon Fiechter,amV8Fm_LLQo,https://www.youtube.com/watch?v=amV8Fm_LLQo,Free with attribution (non-commercial),https://www.youtube.com/@Fiechters,242,4,channel
B 탐험,B6_vehicle,배/비공정/탈것,Clouds Roll Slowly By - Orchestra/Chill,TeknoAXE,SCxviN5vFTc,https://www.youtube.com/watch?v=SCxviN5vFTc,CC BY 4.0,https://teknoaxe.com/,192,5,channel
B 탐험,B6_vehicle,배/비공정/탈것,Hey - Cloud Friends,Ben Burnes (Abstraction),9lzaKpXKiwg,https://www.youtube.com/watch?v=9lzaKpXKiwg,Free with attribution,https://abstractionmusic.com/,342,4,channel
B 탐험,B7_terrain,특수 지형(설원·사막·숲·바다·화산),Relaxing Piano Music,Kevin MacLeod,yz819hMG8Zo,https://www.youtube.com/watch?v=yz819hMG8Zo,CC BY 4.0,https://incompetech.com/,1494,5,incompetech
B 탐험,B7_terrain,특수 지형(설원·사막·숲·바다·화산),Gregory Canyon Trailhead in 4K + soothing music w/ Julie,cynicmusic (Alex Smith),lAPx_iQejG4,https://www.youtube.com/watch?v=lAPx_iQejG4,CC0 / CC BY,https://cynicmusic.com/,1204,5,channel
B 탐험,B7_terrain,특수 지형(설원·사막·숲·바다·화산),ピアノ弾き語り 雨降りのあさ ワンダーランド,ハヤシユウ,Y_-x7lR3Z0s,https://www.youtube.com/watch?v=Y_-x7lR3Z0s,Free (DOVA-SYNDROME license),https://dova-s.jp/,473,5,channel
B 탐험,B7_terrain,특수 지형(설원·사막·숲·바다·화산),優しい海のピアノ・アンビエント Splash,PeriTune,tRPbLcz2PBw,https://www.youtube.com/watch?v=tRPbLcz2PBw,CC BY 4.0,https://peritune.com/,445,5,channel
B 탐험,B7_terrain,특수 지형(설원·사막·숲·바다·화산),"""Frozen Mountains"" // Royalty Free Relaxing Piano Music",Alexander Nakarada,QkY6de1JVjs,https://www.youtube.com/watch?v=QkY6de1JVjs,CC BY 4.0,https://www.creatorchords.com/,315,5,channel
B 탐험,B7_terrain,특수 지형(설원·사막·숲·바다·화산),Soothing Arabian Music - Exotic Oasis,Derek & Brandon Fiechter,kMicZ3EC5bk,https://www.youtube.com/watch?v=kMicZ3EC5bk,Free with attribution (non-commercial),https://www.youtube.com/@Fiechters,282,5,channel
B 탐험,B7_terrain,특수 지형(설원·사막·숲·바다·화산),Winter Skies - Orchestra/Chill - (re-upload),TeknoAXE,C4yNzdbglU0,https://www.youtube.com/watch?v=C4yNzdbglU0,CC BY 4.0,https://teknoaxe.com/,274,5,channel
B 탐험,B7_terrain,특수 지형(설원·사막·숲·바다·화산),Ambient Rain Sounds | Sample Pack,Sappheiros,ocnXRIFSyLc,https://www.youtube.com/watch?v=ocnXRIFSyLc,CC BY 3.0,https://soundcloud.com/sappheirosmusic,243,5,channel
B 탐험,B7_terrain,특수 지형(설원·사막·숲·바다·화산),"""Mountain Pass"" Peaceful Adventure Game Music",HeatleyBros,lG1OgK3ZKg4,https://www.youtube.com/watch?v=lG1OgK3ZKg4,Free with attribution,https://www.heatleybros.com/,226,5,channel
B 탐험,B7_terrain,특수 지형(설원·사막·숲·바다·화산),公式 高音質 宵祭りの風 癒しの和風曲 by秋山裕和,H/MIX GALLERY (秋山裕和),JtfhWgT_P9E,https://www.youtube.com/watch?v=JtfhWgT_P9E,Free with attribution (hmix.net terms),http://www.hmix.net/,222,5,channel
B 탐험,B7_terrain,특수 지형(설원·사막·숲·바다·화산),White snow chill days,DOVA-SYNDROME (official),MoiNrdDWOIQ,https://www.youtube.com/watch?v=MoiNrdDWOIQ,Free (DOVA-SYNDROME license),https://dova-s.jp/,222,5,channel
B 탐험,B7_terrain,특수 지형(설원·사막·숲·바다·화산),surrender from Calm After the Storm,Lee Rosevere,MniPYHMMycc,https://www.youtube.com/watch?v=MniPYHMMycc,CC BY 4.0,https://leerosevere.bandcamp.com/,214,5,channel
B 탐험,B7_terrain,특수 지형(설원·사막·숲·바다·화산),'First Snow' Calm Christmas Neoclassical,Scott Buckley,1o-Dkf1EuT0,https://www.youtube.com/watch?v=1o-Dkf1EuT0,CC BY 4.0,https://www.scottbuckley.com.au/,212,5,channel
B 탐험,B7_terrain,특수 지형(설원·사막·숲·바다·화산),"Peaceful Forest Music ""Into Oblivion"" Royalty Free",Darren Curtis,q8x_Tz_84l4,https://www.youtube.com/watch?v=q8x_Tz_84l4,Free with attribution,https://www.darrencurtismusic.com/,210,5,channel
B 탐험,B7_terrain,특수 지형(설원·사막·숲·바다·화산),Piano/Ambient Music - - Storm,Vindsvept,2Q4QT2ybM8U,https://www.youtube.com/watch?v=2Q4QT2ybM8U,Free with attribution (non-commercial),https://vindsvept.bandcamp.com/,209,5,channel
B 탐험,B7_terrain,특수 지형(설원·사막·숲·바다·화산),Meydän - After the Storm ambient,Meydän,Q9EG0LKe1Kk,https://www.youtube.com/watch?v=Q9EG0LKe1Kk,CC BY 4.0,https://meydan.bandcamp.com/,208,5,channel
B 탐험,B7_terrain,특수 지형(설원·사막·숲·바다·화산),海中庭園 / ゆったりチップチューン,MusMus,Zg97tH5Cl88,https://www.youtube.com/watch?v=Zg97tH5Cl88,Free with attribution (musmus.main.jp),https://musmus.main.jp/,110,5,channel
B 탐험,B7_terrain,특수 지형(설원·사막·숲·바다·화산),Monplaisir - Fifty seconds of rain,Loyalty Freak Music / Komiku,IfUG-UVrkBg,https://www.youtube.com/watch?v=IfUG-UVrkBg,CC0,https://loyaltyfreakmusic.com/,1347,4,channel
B 탐험,B7_terrain,특수 지형(설원·사막·숲·바다·화산),DTMビフォーアフター01 森田交一 歌もの限定編,魔王魂 (森田交一),5ma_rhtRWFk,https://www.youtube.com/watch?v=5ma_rhtRWFk,Free with attribution (maou.audio terms),https://maou.audio/,1057,4,channel
B 탐험,B7_terrain,특수 지형(설원·사막·숲·바다·화산),The Woods Shall Wave on Mountains,Nihilore,wqh6OyjaGis,https://www.youtube.com/watch?v=wqh6OyjaGis,CC BY 4.0,https://www.nihilore.com/,498,4,channel
B 탐험,B7_terrain,특수 지형(설원·사막·숲·바다·화산),Beach Fresco,Ross Bugden,oOaOBKonYa0,https://www.youtube.com/watch?v=oOaOBKonYa0,Free with attribution,https://www.youtube.com/@RossBugden,374,4,channel
B 탐험,B7_terrain,특수 지형(설원·사막·숲·바다·화산),"The Island is Alive - 2HTC, Season 14",Ben Burnes (Abstraction),eKdTqExZOo8,https://www.youtube.com/watch?v=eKdTqExZOo8,Free with attribution,https://abstractionmusic.com/,343,4,channel
B 탐험,B7_terrain,특수 지형(설원·사막·숲·바다·화산),The Great Forest,Visager,L3jXjCNObLY,https://www.youtube.com/watch?v=L3jXjCNObLY,CC BY 4.0,https://visager.bandcamp.com/,292,4,channel
B 탐험,B7_terrain,특수 지형(설원·사막·숲·바다·화산),This lovely forest by Tim Beek,Tim Beek,4A7eR70TEuo,https://www.youtube.com/watch?v=4A7eR70TEuo,Free with attribution (timbeek.com),https://timbeek.com/,276,4,channel
B 탐험,B7_terrain,특수 지형(설원·사막·숲·바다·화산),Alexandr Zhelanov - FL Path to Lake Land (FREE TO USE),Alexandr Zhelanov,Yw4gXfxQiUs,https://www.youtube.com/watch?v=Yw4gXfxQiUs,CC BY 3.0/4.0,https://soundcloud.com/alexandr-zhelanov,255,4,channel
B 탐험,B7_terrain,특수 지형(설원·사막·숲·바다·화산),Punch Deck - Ascent to the Peak,Punch Deck,jeulGQkSZ1s,https://www.youtube.com/watch?v=jeulGQkSZ1s,CC BY 4.0,https://punchdeck.bandcamp.com/,247,4,channel
B 탐험,B7_terrain,특수 지형(설원·사막·숲·바다·화산),Sergey Cheremisinov - Sea & Night - Fragile Ice ( music),Sergey Cheremisinov,ggKqeNQul0A,https://www.youtube.com/watch?v=ggKqeNQul0A,CC BY 4.0,https://www.cheremisinov.com/,242,4,channel
B 탐험,B7_terrain,특수 지형(설원·사막·숲·바다·화산),BGM 眠りの森で会えたなら - 騒音のない世界,騒音のない世界 (Noiseless World),1D7ReITUDbM,https://www.youtube.com/watch?v=1D7ReITUDbM,Free with attribution,https://noiselessworld.net/,225,4,channel
B 탐험,B7_terrain,특수 지형(설원·사막·숲·바다·화산),Ireland's Coast (Soundtrack Edition - Mockup) FL Studio 10,Matthew Pablo,IEtLMpD9Kvk,https://www.youtube.com/watch?v=IEtLMpD9Kvk,CC BY 3.0,https://matthewpablo.com/,208,4,channel
B 탐험,B7_terrain,특수 지형(설원·사막·숲·바다·화산),Rondezvous with Ice Crystals,Eric Matyas (Soundimage.org),RY9dRl4NdI8,https://www.youtube.com/watch?v=RY9dRl4NdI8,Free with attribution,https://soundimage.org/,204,4,channel
B 탐험,B7_terrain,특수 지형(설원·사막·숲·바다·화산),Kai Engel - Blizzard (PON I) - Music,Kai Engel,fVyxdQ4xs9Q,https://www.youtube.com/watch?v=fVyxdQ4xs9Q,CC BY 4.0,https://www.kai-engel.com/,183,4,channel
B 탐험,B7_terrain,특수 지형(설원·사막·숲·바다·화산),迷いの森 by hitoshi /,Senses Circuit,xQoMYzFWh7c,https://www.youtube.com/watch?v=xQoMYzFWh7c,Free with attribution (senses-circuit.com),https://www.senses-circuit.com/,170,4,channel
B 탐험,B7_terrain,특수 지형(설원·사막·숲·바다·화산),山岳弓師部隊 / SHW(配布終了曲) NM,SHW (Hamashio) 和風,7HrGzaQCmWk,https://www.youtube.com/watch?v=7HrGzaQCmWk,Free with attribution (shw.in),http://shw.in/,130,4,channel
B 탐험,B7_terrain,특수 지형(설원·사막·숲·바다·화산),204-B: Snow ( ) - Aaron Krogh,Aaron Krogh,5X24UCJICgc,https://www.youtube.com/watch?v=5X24UCJICgc,Free with attribution,https://soundcloud.com/aaron-anderson-11,85,3,channel
B 탐험,B7_terrain,특수 지형(설원·사막·숲·바다·화산),Ri Flute,Kevin MacLeod,E2_xGShys4A,https://www.youtube.com/watch?v=E2_xGShys4A,CC BY 4.0,https://incompetech.com/,1228,5,incompetech
B 탐험,B7_terrain,특수 지형(설원·사막·숲·바다·화산),Walk in the Woods feat. Ashley - Relaxing & uplifting island music,cynicmusic (Alex Smith),PUNIFm2hnL8,https://www.youtube.com/watch?v=PUNIFm2hnL8,CC0 / CC BY,https://cynicmusic.com/,487,5,channel
B 탐험,B7_terrain,특수 지형(설원·사막·숲·바다·화산),220917 インスタライブ 夏の蜃気楼 ため息,ハヤシユウ,LTfcpu2Mo-0,https://www.youtube.com/watch?v=LTfcpu2Mo-0,Free (DOVA-SYNDROME license),https://dova-s.jp/,371,4,channel
B 탐험,B7_terrain,특수 지형(설원·사막·숲·바다·화산),"""Snowy Day4"", a quiet music like a blanket of snow",PeriTune,n2wvibCj-BY,https://www.youtube.com/watch?v=n2wvibCj-BY,CC BY 4.0,https://peritune.com/,434,5,channel
B 탐험,B7_terrain,특수 지형(설원·사막·숲·바다·화산),Piano Improvisation → Winter,Alexander Nakarada,VmYzZCRwO9c,https://www.youtube.com/watch?v=VmYzZCRwO9c,CC BY 4.0,https://www.creatorchords.com/,311,5,channel
B 탐험,B7_terrain,특수 지형(설원·사막·숲·바다·화산),"Relaxing Winter Music - Holiday Kringle | Beautiful, Danish",Derek & Brandon Fiechter,95dKQZBcVTQ,https://www.youtube.com/watch?v=95dKQZBcVTQ,Free with attribution (non-commercial),https://www.youtube.com/@Fiechters,221,5,channel
B 탐험,B8_ruinworld,폐허/파멸한 세계,The New Apocalypse (a Piano Concertino),Nihilore,kQv1RZnQvWU,https://www.youtube.com/watch?v=kQv1RZnQvWU,CC BY 4.0,https://www.nihilore.com/,943,5,channel
B 탐험,B8_ruinworld,폐허/파멸한 세계,Wasteland Romance - Downtempo/Chill,TeknoAXE,VXcQasxGBBw,https://www.youtube.com/watch?v=VXcQasxGBBw,CC BY 4.0,https://teknoaxe.com/,369,5,channel
B 탐험,B8_ruinworld,폐허/파멸한 세계,Miami Viceroy,Kevin MacLeod,Jbd6PuOy7Ho,https://www.youtube.com/watch?v=Jbd6PuOy7Ho,CC BY 4.0,https://incompetech.com/,268,5,incompetech
B 탐험,B8_ruinworld,폐허/파멸한 세계,Nightfall - Royalty Free Ambient Rock (Post-Apocalypse Atmosphere),Alexander Nakarada,uKbPgwoBCkA,https://www.youtube.com/watch?v=uKbPgwoBCkA,CC BY 4.0,https://www.creatorchords.com/,202,5,channel
B 탐험,B8_ruinworld,폐허/파멸한 세계,♩♫ Acoustic Guitar Music ♪♬ - Aftermath (TMBD OST) feat. Simon Leong,Ross Bugden,JeO_Y8dbLkI,https://www.youtube.com/watch?v=JeO_Y8dbLkI,Free with attribution,https://www.youtube.com/@RossBugden,149,5,channel
B 탐험,B8_ruinworld,폐허/파멸한 세계,The Aftermath Triptych,Ben Burnes (Abstraction),2qGGNKCCaIw,https://www.youtube.com/watch?v=2qGGNKCCaIw,Free with attribution,https://abstractionmusic.com/,945,4,channel
B 탐험,B8_ruinworld,폐허/파멸한 세계,Theme of Agrual by Matthew Pablo FL Studio 10 Ruin Regions OST,Matthew Pablo,GHZ86BFbmy4,https://www.youtube.com/watch?v=GHZ86BFbmy4,CC BY 3.0,https://matthewpablo.com/,443,4,channel
B 탐험,B8_ruinworld,폐허/파멸한 세계,'Ashes of a Fallen Year' Cinematic Pop/Rock,Scott Buckley,j7_CEv5gsBI,https://www.youtube.com/watch?v=j7_CEv5gsBI,CC BY 4.0,https://www.scottbuckley.com.au/,331,4,channel
B 탐험,B8_ruinworld,폐허/파멸한 세계,Kai Engel - Homeland's Ashes - Music,Kai Engel,XU_iJwCQXOg,https://www.youtube.com/watch?v=XU_iJwCQXOg,CC BY 4.0,https://www.kai-engel.com/,298,4,channel
B 탐험,B8_ruinworld,폐허/파멸한 세계,8- L'apocalypse (Feat The Tox)- Alpha Hydrae,Loyalty Freak Music / Komiku,B7fcydAvYro,https://www.youtube.com/watch?v=B7fcydAvYro,CC0,https://loyaltyfreakmusic.com/,274,4,channel
B 탐험,B8_ruinworld,폐허/파멸한 세계,Halloween Music - Zombie Apocalypse,Derek & Brandon Fiechter,WG3AR7VdLmY,https://www.youtube.com/watch?v=WG3AR7VdLmY,Free with attribution (non-commercial),https://www.youtube.com/@Fiechters,249,4,channel
B 탐험,B8_ruinworld,폐허/파멸한 세계,廃墟を探索サイバー20,魔王魂 (森田交一),bkZyVTB_fCM,https://www.youtube.com/watch?v=bkZyVTB_fCM,Free with attribution (maou.audio terms),https://maou.audio/,247,4,channel
B 탐험,B8_ruinworld,폐허/파멸한 세계,Alexandr Zhelanov - When Snow Become Ashes (FREE TO USE),Alexandr Zhelanov,CMOD7xfGF-Q,https://www.youtube.com/watch?v=CMOD7xfGF-Q,CC BY 3.0/4.0,https://soundcloud.com/alexandr-zhelanov,221,4,channel
B 탐험,B8_ruinworld,폐허/파멸한 세계,Punch Deck - Zen Garden II: Apocalypse,Punch Deck,5HvWmvqbWpg,https://www.youtube.com/watch?v=5HvWmvqbWpg,CC BY 4.0,https://punchdeck.bandcamp.com/,212,4,channel
B 탐험,B8_ruinworld,폐허/파멸한 세계,Vanessa Peters - Valley of Ashes NDA remix,Lee Rosevere,HCWW4G9Orws,https://www.youtube.com/watch?v=HCWW4G9Orws,CC BY 4.0,https://leerosevere.bandcamp.com/,209,4,channel
B 탐험,B8_ruinworld,폐허/파멸한 세계,Fantasy Music - - Forsaken,Vindsvept,IaUMDxYtBpw,https://www.youtube.com/watch?v=IaUMDxYtBpw,Free with attribution (non-commercial),https://vindsvept.bandcamp.com/,199,4,channel
B 탐험,B8_ruinworld,폐허/파멸한 세계,PANICPUMPKIN No.135 さいごのよあけ,PANICPUMPKIN (みそか),GD3bxuxk2ok,https://www.youtube.com/watch?v=GD3bxuxk2ok,Free with attribution (panicpumpkin terms),https://pansound.com/panicpumpkin/,197,4,channel
B 탐험,B8_ruinworld,폐허/파멸한 세계,ループ -荒廃 孤独 無機質BGM by hitoshi /,Senses Circuit,ScAA_yBkN-0,https://www.youtube.com/watch?v=ScAA_yBkN-0,Free with attribution (senses-circuit.com),https://www.senses-circuit.com/,185,4,channel
B 탐험,B8_ruinworld,폐허/파멸한 세계,"Dark Apocalyptic Music ""Dystopian Nightmare"" Royalty Free",Darren Curtis,OIL2pQsQPBE,https://www.youtube.com/watch?v=OIL2pQsQPBE,Free with attribution,https://www.darrencurtismusic.com/,183,4,channel
B 탐험,B8_ruinworld,폐허/파멸한 세계,Haunted Desolation,Eric Matyas (Soundimage.org),aPGh4ZkVj_0,https://www.youtube.com/watch?v=aPGh4ZkVj_0,Free with attribution,https://soundimage.org/,156,4,channel
B 탐험,B8_ruinworld,폐허/파멸한 세계,Ashes of the Last Dawn,DOVA-SYNDROME (official),xXkyK8gXEpk,https://www.youtube.com/watch?v=xXkyK8gXEpk,Free (DOVA-SYNDROME license),https://dova-s.jp/,141,4,channel
B 탐험,B8_ruinworld,폐허/파멸한 세계,Desolate,Tim Beek,zk6GW3UKfRI,https://www.youtube.com/watch?v=zk6GW3UKfRI,Free with attribution (timbeek.com),https://timbeek.com/,128,4,channel
B 탐험,B8_ruinworld,폐허/파멸한 세계,Wasteland,Visager,iVI6kX-s620,https://www.youtube.com/watch?v=iVI6kX-s620,CC BY 4.0,https://visager.bandcamp.com/,112,4,channel
B 탐험,B8_ruinworld,폐허/파멸한 세계,❰Melodic Dubstep❱ Eunoia X Sappheiros - Ashes,Sappheiros,5Zl0PPiGygo,https://www.youtube.com/watch?v=5Zl0PPiGygo,CC BY 3.0,https://soundcloud.com/sappheirosmusic,253,2,channel
B 탐험,B8_ruinworld,폐허/파멸한 세계,Hands Clasped At The End Of The World,Nihilore,mpnT3kcEQ-g,https://www.youtube.com/watch?v=mpnT3kcEQ-g,CC BY 4.0,https://www.nihilore.com/,504,4,channel
B 탐험,B8_ruinworld,폐허/파멸한 세계,Wasteland Sunrise - Downtempo/Chill,TeknoAXE,r4z9PFJz0nk,https://www.youtube.com/watch?v=r4z9PFJz0nk,CC BY 4.0,https://teknoaxe.com/,231,5,channel
B 탐험,B8_ruinworld,폐허/파멸한 세계,"Royalty Free Atmospheric Rock - ""Apocalypse Blues""",Alexander Nakarada,eZlEs6zaiSQ,https://www.youtube.com/watch?v=eZlEs6zaiSQ,CC BY 4.0,https://www.creatorchords.com/,173,5,channel
B 탐험,B8_ruinworld,폐허/파멸한 세계,♩♫ Dramatic Apocalyptic Music ♪♬ - The Wasteland (Copyright and Royalty Free),Ross Bugden,5eAalHA1bAc,https://www.youtube.com/watch?v=5eAalHA1bAc,Free with attribution,https://www.youtube.com/@RossBugden,325,4,channel
B 탐험,B8_ruinworld,폐허/파멸한 세계,"After the Aftermath - 2HTC, Season 13",Ben Burnes (Abstraction),GclnKLmpy80,https://www.youtube.com/watch?v=GclnKLmpy80,Free with attribution,https://abstractionmusic.com/,410,4,channel
B 탐험,B8_ruinworld,폐허/파멸한 세계,Desolate (OST) by Matthew Pablo FL Studio Film Score,Matthew Pablo,Va55rFv1d7s,https://www.youtube.com/watch?v=Va55rFv1d7s,CC BY 3.0,https://matthewpablo.com/,432,4,channel
B 탐험,B8_ruinworld,폐허/파멸한 세계,'Ashes of a Fallen Year' Uplifting Orchestral Pop,Scott Buckley,dOkZKq5o99w,https://www.youtube.com/watch?v=dOkZKq5o99w,CC BY 4.0,https://www.scottbuckley.com.au/,311,4,channel
B 탐험,B8_ruinworld,폐허/파멸한 세계,Spooky Music – Abandoned Laboratory,Derek & Brandon Fiechter,m6e_Uz6vlJw,https://www.youtube.com/watch?v=m6e_Uz6vlJw,Free with attribution (non-commercial),https://www.youtube.com/@Fiechters,242,4,channel
B 탐험,B8_ruinworld,폐허/파멸한 세계,廃墟を探索 サイバー19,魔王魂 (森田交一),8B2ICq791OI,https://www.youtube.com/watch?v=8B2ICq791OI,Free with attribution (maou.audio terms),https://maou.audio/,134,4,channel
B 탐험,B8_ruinworld,폐허/파멸한 세계,Alexandr Zhelanov - Forest of Abandoned Souls (FREE TO USE),Alexandr Zhelanov,PpeGUmhMjko,https://www.youtube.com/watch?v=PpeGUmhMjko,CC BY 3.0/4.0,https://soundcloud.com/alexandr-zhelanov,179,4,channel
B 탐험,B8_ruinworld,폐허/파멸한 세계,PANICPUMPKIN No.099 ゆめのなかでとびおきる,PANICPUMPKIN (みそか),bdYot3CTbfY,https://www.youtube.com/watch?v=bdYot3CTbfY,Free with attribution (panicpumpkin terms),https://pansound.com/panicpumpkin/,189,4,channel
B 탐험,B8_ruinworld,폐허/파멸한 세계,ループ -荒廃 地下 砂漠BGM by hitoshi /,Senses Circuit,4kIW0_WM0Fo,https://www.youtube.com/watch?v=4kIW0_WM0Fo,Free with attribution (senses-circuit.com),https://www.senses-circuit.com/,170,4,channel
B 탐험,B8_ruinworld,폐허/파멸한 세계,"Dark Hybrid Music ""Temporal Desolation"" Royalty Free",Darren Curtis,huU085IZ1-E,https://www.youtube.com/watch?v=huU085IZ1-E,Free with attribution,https://www.darrencurtismusic.com/,168,4,channel
B 탐험,B8_ruinworld,폐허/파멸한 세계,Across the Desolate Southwest,Eric Matyas (Soundimage.org),vX77EHtS4Mo,https://www.youtube.com/watch?v=vX77EHtS4Mo,Free with attribution,https://soundimage.org/,82,3,channel
B 탐험,B8_ruinworld,폐허/파멸한 세계,Ashes of the Last Dawn,DOVA-SYNDROME (official),3dKytCmLXKY,https://www.youtube.com/watch?v=3dKytCmLXKY,Free (DOVA-SYNDROME license),https://dova-s.jp/,64,3,channel
B 탐험,B8_ruinworld,폐허/파멸한 세계,Abandoned,Tim Beek,yZxYlBG3oI8,https://www.youtube.com/watch?v=yZxYlBG3oI8,Free with attribution (timbeek.com),https://timbeek.com/,111,4,channel
B 탐험,B9_final,마계/최종 던전,Cold Sober,Kevin MacLeod,nfAwqbJ2X1I,https://www.youtube.com/watch?v=nfAwqbJ2X1I,CC BY 4.0,https://incompetech.com/,201,4,incompetech
B 탐험,B9_final,마계/최종 던전,"Dark Piano Music ""Abysmal Netherworld"" Free to Use Musix!",Darren Curtis,-fzpqu4wQsk,https://www.youtube.com/watch?v=-fzpqu4wQsk,Free with attribution,https://www.darrencurtismusic.com/,188,4,channel
B 탐험,B9_final,마계/최종 던전,Doom OpenGL vs Vulkan on the Radeon HD 7950 High Settings,Trevor Lentz,yt7vPYnMe6E,https://www.youtube.com/watch?v=yt7vPYnMe6E,CC BY 3.0,https://opengameart.org/users/trevor-lentz,771,2,channel
B 탐험,B9_final,마계/최종 던전,FILM MUSIC PRODUCTION - Technical chaos,Alexander Nakarada,f6eYDs3jvmw,https://www.youtube.com/watch?v=f6eYDs3jvmw,CC BY 4.0,https://www.creatorchords.com/,456,2,channel
B 탐험,B9_final,마계/최종 던전,The Moon Seems Unaffected - 05 - Void,Ben Burnes (Abstraction),G4mr6iQsjDU,https://www.youtube.com/watch?v=G4mr6iQsjDU,Free with attribution,https://abstractionmusic.com/,368,2,channel
B 탐험,B9_final,마계/최종 던전,The Burning Hell - Luna FM Lee Rose e remix,Lee Rosevere,ZPivinY2v34,https://www.youtube.com/watch?v=ZPivinY2v34,CC BY 4.0,https://leerosevere.bandcamp.com/,339,2,channel
B 탐험,B9_final,마계/최종 던전,'Eyes In The Void' Dark Chaotic Horror,Scott Buckley,qYbrvEtwTOc,https://www.youtube.com/watch?v=qYbrvEtwTOc,CC BY 4.0,https://www.scottbuckley.com.au/,265,2,channel
B 탐험,B9_final,마계/최종 던전,Punch Deck - Neon Underworld,Punch Deck,r4JaMgIfAK0,https://www.youtube.com/watch?v=r4JaMgIfAK0,CC BY 4.0,https://punchdeck.bandcamp.com/,254,2,channel
B 탐험,B9_final,마계/최종 던전,The Apple of Doom / Copyright,MusMus,0i86_9jMVjg,https://www.youtube.com/watch?v=0i86_9jMVjg,Free with attribution (musmus.main.jp),https://musmus.main.jp/,239,2,channel
B 탐험,B9_final,마계/최종 던전,Dark Summer Music - Void Lands,Derek & Brandon Fiechter,U8jDbq_Ht7E,https://www.youtube.com/watch?v=U8jDbq_Ht7E,Free with attribution (non-commercial),https://www.youtube.com/@Fiechters,237,2,channel
B 탐험,B9_final,마계/최종 던전,Drums of Chaos - Percussion/Suspense,TeknoAXE,r0x3HZD3Bbk,https://www.youtube.com/watch?v=r0x3HZD3Bbk,CC BY 4.0,https://teknoaxe.com/,231,2,channel
B 탐험,B9_final,마계/최종 던전,♩♫ Epic and Dark Electronic Music ♪♬ - Welcome to Chaos (Copyright and Royalty Free),Ross Bugden,q5w5VX4tAD4,https://www.youtube.com/watch?v=q5w5VX4tAD4,Free with attribution,https://www.youtube.com/@RossBugden,173,2,channel
B 탐험,B9_final,마계/최종 던전,DANCEFLOOR IS LAVA - Doom Doom Doom Doom I want you in my room 💜,Loyalty Freak Music / Komiku,BYGVy8ta1M0,https://www.youtube.com/watch?v=BYGVy8ta1M0,CC0,https://loyaltyfreakmusic.com/,151,2,channel
B 탐험,B9_final,마계/최종 던전,Raging Inferno,DOVA-SYNDROME (official),txow6nTRnhU,https://www.youtube.com/watch?v=txow6nTRnhU,Free (DOVA-SYNDROME license),https://dova-s.jp/,136,2,channel
B 탐험,B9_final,마계/최종 던전,16-bit SNES-style JRPG Dungeon Theme “Black Throne”,PeriTune,C-hy0SWHAV4,https://www.youtube.com/watch?v=C-hy0SWHAV4,CC BY 4.0,https://peritune.com/,131,2,channel
B 탐험,B9_final,마계/최종 던전,Walled City of Doom,Eric Matyas (Soundimage.org),Y94nlv4ez2w,https://www.youtube.com/watch?v=Y94nlv4ez2w,Free with attribution,https://soundimage.org/,94,1,channel
B 탐험,B9_final,마계/최종 던전,Ossuary 6 - Air,Kevin MacLeod,aJ55nO02BRk,https://www.youtube.com/watch?v=aJ55nO02BRk,CC BY 4.0,https://incompetech.com/,250,2,incompetech
B 탐험,B9_final,마계/최종 던전,"Scary Scene ""Drag Me To Hell"" Rescored",Darren Curtis,8jCqUMgCqGw,https://www.youtube.com/watch?v=8jCqUMgCqGw,Free with attribution,https://www.darrencurtismusic.com/,55,1,channel
B 탐험,B9_final,마계/최종 던전,Hellfire - Ridiculously Epic Metal (royalty free),Alexander Nakarada,38VOEB1kHQ8,https://www.youtube.com/watch?v=38VOEB1kHQ8,CC BY 4.0,https://www.creatorchords.com/,289,1,channel
B 탐험,B9_final,마계/최종 던전,"Memories of the Abyss - 2HTC, Season 24",Ben Burnes (Abstraction),Z6TP34v2VfU,https://www.youtube.com/watch?v=Z6TP34v2VfU,Free with attribution,https://abstractionmusic.com/,296,2,channel
B 탐험,B9_final,마계/최종 던전,終焉の音,MusMus,C3R9Mx5mJBg,https://www.youtube.com/watch?v=C3R9Mx5mJBg,Free with attribution (musmus.main.jp),https://musmus.main.jp/,63,1,channel
B 탐험,B9_final,마계/최종 던전,Dark Prehistoric Music - Volcano of Doom 🌋,Derek & Brandon Fiechter,5OA2EqsxKF4,https://www.youtube.com/watch?v=5OA2EqsxKF4,Free with attribution (non-commercial),https://www.youtube.com/@Fiechters,227,2,channel
B 탐험,B9_final,마계/최종 던전,Choir of Doom IV - Alternative Metal,TeknoAXE,dMh9lc_q1xk,https://www.youtube.com/watch?v=dMh9lc_q1xk,CC BY 4.0,https://teknoaxe.com/,227,1,channel
B 탐험,B9_final,마계/최종 던전,1-Les portes du Pandemonium- Alpha Hydrae,Loyalty Freak Music / Komiku,RI9n6daiAKY,https://www.youtube.com/watch?v=RI9n6daiAKY,CC0,https://loyaltyfreakmusic.com/,108,2,channel
B 탐험,B9_final,마계/최종 던전,Void Resonance,DOVA-SYNDROME (official),PIE3b5SCAIk,https://www.youtube.com/watch?v=PIE3b5SCAIk,Free (DOVA-SYNDROME license),https://dova-s.jp/,129,2,channel
B 탐험,B9_final,마계/최종 던전,Professor Umlaut,Kevin MacLeod,Oel6rxdIQag,https://www.youtube.com/watch?v=Oel6rxdIQag,CC BY 4.0,https://incompetech.com/,212,2,incompetech
B 탐험,B9_final,마계/최종 던전,"4am Doom Scrolling - 2HAC, Season 19",Ben Burnes (Abstraction),cgFR0reyeU4,https://www.youtube.com/watch?v=cgFR0reyeU4,Free with attribution,https://abstractionmusic.com/,235,2,channel
B 탐험,B9_final,마계/최종 던전,Halloween Music - Dark Castle of Mystbane,Derek & Brandon Fiechter,RAIgALCaAEQ,https://www.youtube.com/watch?v=RAIgALCaAEQ,Free with attribution (non-commercial),https://www.youtube.com/@Fiechters,224,2,channel
B 탐험,B9_final,마계/최종 던전,Choir of Doom III - Metal/Halloween,TeknoAXE,2Q_emWf4u_E,https://www.youtube.com/watch?v=2Q_emWf4u_E,CC BY 4.0,https://teknoaxe.com/,222,1,channel
B 탐험,B9_final,마계/최종 던전,Abyssal Forest,DOVA-SYNDROME (official),AVcAh65d8jo,https://www.youtube.com/watch?v=AVcAh65d8jo,Free (DOVA-SYNDROME license),https://dova-s.jp/,118,2,channel
B 탐험,B9_final,마계/최종 던전,Dark Fantasy Music – Lanterns of the Abyss,Derek & Brandon Fiechter,y_Dp4ZQywd0,https://www.youtube.com/watch?v=y_Dp4ZQywd0,Free with attribution (non-commercial),https://www.youtube.com/@Fiechters,201,2,channel
B 탐험,B9_final,마계/최종 던전,Looming Abyss,DOVA-SYNDROME (official),uT12NZJLekA,https://www.youtube.com/watch?v=uT12NZJLekA,Free (DOVA-SYNDROME license),https://dova-s.jp/,117,2,channel
B 탐험,B9_final,마계/최종 던전,Creepy Circus Music - Ferris Wheel of Doom,Derek & Brandon Fiechter,Rgmzcy-rF3g,https://www.youtube.com/watch?v=Rgmzcy-rF3g,Free with attribution (non-commercial),https://www.youtube.com/@Fiechters,174,2,channel
B 탐험,B9_final,마계/최종 던전,Whispers in the Abyss,DOVA-SYNDROME (official),5K9qGOxUWBc,https://www.youtube.com/watch?v=5K9qGOxUWBc,Free (DOVA-SYNDROME license),https://dova-s.jp/,110,2,channel
B 탐험,B9_final,마계/최종 던전,Void Resonance,DOVA-SYNDROME (official),O4PhhqLrN3U,https://www.youtube.com/watch?v=O4PhhqLrN3U,Free (DOVA-SYNDROME license),https://dova-s.jp/,107,2,channel
B 탐험,B9_final,마계/최종 던전,Void Resonance,DOVA-SYNDROME (official),cgSPnO4jEk0,https://www.youtube.com/watch?v=cgSPnO4jEk0,Free (DOVA-SYNDROME license),https://dova-s.jp/,70,1,channel
B 탐험,B9_final,마계/최종 던전,Raging Inferno,DOVA-SYNDROME (official),vH_M-nDN2fM,https://www.youtube.com/watch?v=vH_M-nDN2fM,Free (DOVA-SYNDROME license),https://dova-s.jp/,59,1,channel
B 탐험,B9_final,마계/최종 던전,Looming Abyss,DOVA-SYNDROME (official),9M1GnE3uYRw,https://www.youtube.com/watch?v=9M1GnE3uYRw,Free (DOVA-SYNDROME license),https://dova-s.jp/,53,1,channel
B 탐험,B9_final,마계/최종 던전,Canon in D for Two Harps,Kevin MacLeod,QNZ79OAYlgI,https://www.youtube.com/watch?v=QNZ79OAYlgI,CC BY 4.0,https://incompetech.com/,340,2,incompetech
B 탐험,B9_final,마계/최종 던전,Hell's Lullaby,Darren Curtis,39LJ17hO2Io,https://www.youtube.com/watch?v=39LJ17hO2Io,Free with attribution,https://www.darrencurtismusic.com/,148,3,channel
C 전투,C1_battle,일반 전투,Ethereal Relaxation,Kevin MacLeod,rB68GLeChVM,https://www.youtube.com/watch?v=rB68GLeChVM,CC BY 4.0,https://incompetech.com/,1686,4,incompetech
C 전투,C1_battle,일반 전투,"Up-tempo RPG battle music “Swift_Strike""",PeriTune,w5roRXWK96c,https://www.youtube.com/watch?v=w5roRXWK96c,CC BY 4.0,https://peritune.com/,1250,2,channel
C 전투,C1_battle,일반 전투,"Chris Zabriskie - ""I Am a Man Who Will Fight for Your Honor""",Chris Zabriskie,Eaj-V2KIxRk,https://www.youtube.com/watch?v=Eaj-V2KIxRk,CC BY 4.0,https://chriszabriskie.com/,687,2,channel
C 전투,C1_battle,일반 전투,Battle Music for Video Games & Bosses | By Tim Beek,Tim Beek,JfyYwssaAds,https://www.youtube.com/watch?v=JfyYwssaAds,Free with attribution (timbeek.com),https://timbeek.com/,602,2,channel
C 전투,C1_battle,일반 전투,Twitch AMA: Fight Complacency,Ben Burnes (Abstraction),Zc68VKc9kJE,https://www.youtube.com/watch?v=Zc68VKc9kJE,Free with attribution,https://abstractionmusic.com/,497,2,channel
C 전투,C1_battle,일반 전투,"At the Time of Encounter, Two Hands Joining Together",Nihilore,oYHu3ZO3V_0,https://www.youtube.com/watch?v=oYHu3ZO3V_0,CC BY 4.0,https://www.nihilore.com/,472,2,channel
C 전투,C1_battle,일반 전투,'The Encounter' (from 'Monomyth') Epic Hybrid Orchestral,Scott Buckley,GzkXK1GG2Pc,https://www.youtube.com/watch?v=GzkXK1GG2Pc,CC BY 4.0,https://www.scottbuckley.com.au/,307,2,channel
C 전투,C1_battle,일반 전투,Battle Glitch Bot - Glitch Hop,TeknoAXE,YmIyXcsbBU8,https://www.youtube.com/watch?v=YmIyXcsbBU8,CC BY 4.0,https://teknoaxe.com/,301,2,channel
C 전투,C1_battle,일반 전투,PANICPUMPKIN No.230 ゆきとどくもうどく,PANICPUMPKIN (みそか),FnOXPST5FTA,https://www.youtube.com/watch?v=FnOXPST5FTA,Free with attribution (panicpumpkin terms),https://pansound.com/panicpumpkin/,298,2,channel
C 전투,C1_battle,일반 전투,"Royalty Free Viking Battle Music - ""Prepare for War""",Alexander Nakarada,shymBOHp0nw,https://www.youtube.com/watch?v=shymBOHp0nw,CC BY 4.0,https://www.creatorchords.com/,276,2,channel
C 전투,C1_battle,일반 전투,壮大なバトルBGM 飛翔 公式・高音質,H/MIX GALLERY (秋山裕和),eMcQJvS9Sgg,https://www.youtube.com/watch?v=eMcQJvS9Sgg,Free with attribution (hmix.net terms),http://www.hmix.net/,261,2,channel
C 전투,C1_battle,일반 전투,Attack of the Cyborg Legion,MusMus,cVxMqrAi6YQ,https://www.youtube.com/watch?v=cVxMqrAi6YQ,Free with attribution (musmus.main.jp),https://musmus.main.jp/,260,2,channel
C 전투,C1_battle,일반 전투,"""8 Bit Scrap!"" Fun Battle Game Music",HeatleyBros,ay-ccm07XmU,https://www.youtube.com/watch?v=ay-ccm07XmU,Free with attribution,https://www.heatleybros.com/,257,2,channel
C 전투,C1_battle,일반 전투,Japanese Battle Music - Warrior Princess,Derek & Brandon Fiechter,3682NaD1TOs,https://www.youtube.com/watch?v=3682NaD1TOs,Free with attribution (non-commercial),https://www.youtube.com/@Fiechters,243,2,channel
C 전투,C1_battle,일반 전투,The Last Encounter RPG Battle Theme FL Studio 11,Matthew Pablo,i3T7XbQGWqU,https://www.youtube.com/watch?v=i3T7XbQGWqU,CC BY 3.0,https://matthewpablo.com/,242,2,channel
C 전투,C1_battle,일반 전투,Punch Deck - Brazilian Street Fight,Punch Deck,C884hkgYOYw,https://www.youtube.com/watch?v=C884hkgYOYw,CC BY 4.0,https://punchdeck.bandcamp.com/,235,2,channel
C 전투,C1_battle,일반 전투,ループ -4つ打ち 和楽器 演舞バトルBGM by hitoshi /,Senses Circuit,WqUF7g6CGZQ,https://www.youtube.com/watch?v=WqUF7g6CGZQ,Free with attribution (senses-circuit.com),https://www.senses-circuit.com/,230,2,channel
C 전투,C1_battle,일반 전투,"RAGNARÖK - - To Vigrith, the field of battle",Vindsvept,c_laHrz4W6g,https://www.youtube.com/watch?v=c_laHrz4W6g,Free with attribution (non-commercial),https://vindsvept.bandcamp.com/,230,2,channel
C 전투,C1_battle,일반 전투,Alexandr Zhelanov - Battle track 2 (FREE TO USE),Alexandr Zhelanov,T_5FqPEXCHg,https://www.youtube.com/watch?v=T_5FqPEXCHg,CC BY 3.0/4.0,https://soundcloud.com/alexandr-zhelanov,201,2,channel
C 전투,C1_battle,일반 전투,Komiku - Combat de patron,Loyalty Freak Music / Komiku,CuTqkw2x170,https://www.youtube.com/watch?v=CuTqkw2x170,CC0,https://loyaltyfreakmusic.com/,191,2,channel
C 전투,C1_battle,일반 전투,Sunshine Skirmish (Free ),Trevor Lentz,f5td09NZq-w,https://www.youtube.com/watch?v=f5td09NZq-w,CC BY 3.0,https://opengameart.org/users/trevor-lentz,162,2,channel
C 전투,C1_battle,일반 전투,289: Heated Battle - Aaron Krogh Music,Aaron Krogh,HifT2aylVEE,https://www.youtube.com/watch?v=HifT2aylVEE,Free with attribution,https://soundcloud.com/aaron-anderson-11,142,2,channel
C 전투,C1_battle,일반 전투,戦闘曲ファンタジー04,魔王魂 (森田交一),j9CHkx-VbYo,https://www.youtube.com/watch?v=j9CHkx-VbYo,Free with attribution (maou.audio terms),https://maou.audio/,137,2,channel
C 전투,C1_battle,일반 전투,Battle! - 2,Visager,ggzXXbMqfOQ,https://www.youtube.com/watch?v=ggzXXbMqfOQ,CC BY 4.0,https://visager.bandcamp.com/,125,2,channel
C 전투,C1_battle,일반 전투,Kitty Fight! RPG Lighthearted Battle Music,Darren Curtis,0bhkjKvE61s,https://www.youtube.com/watch?v=0bhkjKvE61s,Free with attribution,https://www.darrencurtismusic.com/,120,2,channel
C 전투,C1_battle,일반 전투,INTO BATTLE FIELD,DOVA-SYNDROME (official),PdUnO97mc4Y,https://www.youtube.com/watch?v=PdUnO97mc4Y,Free (DOVA-SYNDROME license),https://dova-s.jp/,117,2,channel
C 전투,C1_battle,일반 전투,Ogg Action Music Pack Preview,Eric Matyas (Soundimage.org),q0l3ob1wWB4,https://www.youtube.com/watch?v=q0l3ob1wWB4,Free with attribution,https://soundimage.org/,438,1,channel
C 전투,C1_battle,일반 전투,♩♫ Epic Action Music ♪♬ - Shoot on Sight (Copyright and Royalty Free),Ross Bugden,GDQBtKoJP0E,https://www.youtube.com/watch?v=GDQBtKoJP0E,Free with attribution,https://www.youtube.com/@RossBugden,123,1,channel
C 전투,C1_battle,일반 전투,Sergey Cheremisinov - Dream - Search and fight ( music),Sergey Cheremisinov,vJDm0ywGoog,https://www.youtube.com/watch?v=vJDm0ywGoog,CC BY 4.0,https://www.cheremisinov.com/,98,1,channel
C 전투,C1_battle,일반 전투,Clash Defiant,Kevin MacLeod,KKVgIrnlWDg,https://www.youtube.com/watch?v=KKVgIrnlWDg,CC BY 4.0,https://incompetech.com/,376,1,incompetech
C 전투,C1_battle,일반 전투,"The speedy battle Music ""BattleField5",PeriTune,y9kki5LxFEc,https://www.youtube.com/watch?v=y9kki5LxFEc,CC BY 4.0,https://peritune.com/,668,2,channel
C 전투,C1_battle,일반 전투,Bitter Fight,Tim Beek,vU34TZEuRic,https://www.youtube.com/watch?v=vU34TZEuRic,Free with attribution (timbeek.com),https://timbeek.com/,96,1,channel
C 전투,C1_battle,일반 전투,Pocket Playground OST - Survival Battle,Ben Burnes (Abstraction),LpTb0PIr9Zo,https://www.youtube.com/watch?v=LpTb0PIr9Zo,Free with attribution,https://abstractionmusic.com/,128,2,channel
C 전투,C1_battle,일반 전투,'Crusader' Epic Action Cue,Scott Buckley,phVBsnRp3Qo,https://www.youtube.com/watch?v=phVBsnRp3Qo,CC BY 4.0,https://www.scottbuckley.com.au/,77,1,channel
C 전투,C1_battle,일반 전투,The Next Fight Game - Breakbeats,TeknoAXE,DLIVa9kdTFw,https://www.youtube.com/watch?v=DLIVa9kdTFw,CC BY 4.0,https://teknoaxe.com/,243,2,channel
C 전투,C1_battle,일반 전투,PANICPUMPKIN No.122 やこうせいしすてむ,PANICPUMPKIN (みそか),nZXroOUf7ok,https://www.youtube.com/watch?v=nZXroOUf7ok,Free with attribution (panicpumpkin terms),https://pansound.com/panicpumpkin/,167,2,channel
C 전투,C1_battle,일반 전투,Ta n Brawl (ft. ) - Royalty Free Celtic Folk Music,Alexander Nakarada,QNdbeT1aT8s,https://www.youtube.com/watch?v=QNdbeT1aT8s,CC BY 4.0,https://www.creatorchords.com/,267,2,channel
C 전투,C1_battle,일반 전투,Consective Battle / YM-2608 Chiptune,MusMus,YRBRLdn2s10,https://www.youtube.com/watch?v=YRBRLdn2s10,Free with attribution (musmus.main.jp),https://musmus.main.jp/,229,2,channel
C 전투,C1_battle,일반 전투,"""Fight Or Flight"" - 8 Bit Battle Rock - RPG Game Music",HeatleyBros,5uPFiSBlZUE,https://www.youtube.com/watch?v=5uPFiSBlZUE,Free with attribution,https://www.heatleybros.com/,185,2,channel
C 전투,C1_battle,일반 전투,Futuristic Battle Music – Invasion of the Cyborgs,Derek & Brandon Fiechter,vuzQ6dWSvUU,https://www.youtube.com/watch?v=vuzQ6dWSvUU,Free with attribution (non-commercial),https://www.youtube.com/@Fiechters,222,2,channel
C 전투,C2_boss,보스 전투,MAKING HIP HOP BEATS - ...like a boss,Alexander Nakarada,66CJSP7jRts,https://www.youtube.com/watch?v=66CJSP7jRts,CC BY 4.0,https://www.creatorchords.com/,510,2,channel
C 전투,C2_boss,보스 전투,壮大なシネマティック曲 Holy_Place3,PeriTune,FlDjVrnq9uc,https://www.youtube.com/watch?v=FlDjVrnq9uc,CC BY 4.0,https://peritune.com/,484,2,channel
C 전투,C2_boss,보스 전투,ループ -邪悪 ボスバトル ダンジョンBGM by hitoshi /,Senses Circuit,qK5aZs5JrWQ,https://www.youtube.com/watch?v=qK5aZs5JrWQ,Free with attribution (senses-circuit.com),https://www.senses-circuit.com/,297,2,channel
C 전투,C2_boss,보스 전투,PANICPUMPKIN No.171 けたはずれのじそんしん,PANICPUMPKIN (みそか),DMb9KWQG33o,https://www.youtube.com/watch?v=DMb9KWQG33o,Free with attribution (panicpumpkin terms),https://pansound.com/panicpumpkin/,277,2,channel
C 전투,C2_boss,보스 전투,8 Bit Boss - Boss Battle Music,HeatleyBros,hgzlmu0K3YI,https://www.youtube.com/watch?v=hgzlmu0K3YI,Free with attribution,https://www.heatleybros.com/,264,2,channel
C 전투,C2_boss,보스 전투,Alexandr Zhelanov - Confrontation (FREE TO USE),Alexandr Zhelanov,_QMH0YhPTQ0,https://www.youtube.com/watch?v=_QMH0YhPTQ0,CC BY 3.0/4.0,https://soundcloud.com/alexandr-zhelanov,237,2,channel
C 전투,C2_boss,보스 전투,Wasteland Showdown Video Game Music by Matthew Pablo,Matthew Pablo,E3Z3HYWFMQk,https://www.youtube.com/watch?v=E3Z3HYWFMQk,CC BY 3.0,https://matthewpablo.com/,214,2,channel
C 전투,C2_boss,보스 전투,Dark Sanctum (Boss Fight),Visager,kuUkEQoI_4o,https://www.youtube.com/watch?v=kuUkEQoI_4o,CC BY 4.0,https://visager.bandcamp.com/,180,2,channel
C 전투,C2_boss,보스 전투,Killers,Kevin MacLeod,UhrAb_qON94,https://www.youtube.com/watch?v=UhrAb_qON94,CC BY 4.0,https://incompetech.com/,305,1,incompetech
C 전투,C2_boss,보스 전투,'Titan' Uplifting Epic Orchestral,Scott Buckley,vtu8f2dKriY,https://www.youtube.com/watch?v=vtu8f2dKriY,CC BY 4.0,https://www.scottbuckley.com.au/,175,1,channel
C 전투,C2_boss,보스 전투,Titan Powerplant,Eric Matyas (Soundimage.org),IXAaoefRHwU,https://www.youtube.com/watch?v=IXAaoefRHwU,Free with attribution,https://soundimage.org/,157,1,channel
C 전투,C2_boss,보스 전투,Music for Games Space Boss Battle - Download in description,Tim Beek,NVdbDSSuBNM,https://www.youtube.com/watch?v=NVdbDSSuBNM,Free with attribution (timbeek.com),https://timbeek.com/,128,1,channel
C 전투,C2_boss,보스 전투,"Epic Asian Battle Theme ""Samurai Sake Showdown"" Updated",Darren Curtis,Rwzdpy5Smnk,https://www.youtube.com/watch?v=Rwzdpy5Smnk,Free with attribution,https://www.darrencurtismusic.com/,119,1,channel
C 전투,C2_boss,보스 전투,Boss fight,Alexander Nakarada,GDH5glQ2AyY,https://www.youtube.com/watch?v=GDH5glQ2AyY,CC BY 4.0,https://www.creatorchords.com/,87,1,channel
C 전투,C2_boss,보스 전투,情熱的な和風オーケストラ Ametsuchi,PeriTune,b2dSLsHIHug,https://www.youtube.com/watch?v=b2dSLsHIHug,CC BY 4.0,https://peritune.com/,150,1,channel
C 전투,C2_boss,보스 전투,ループTAZ -RPGバトル・ボス・ギターロック by TAZ /,Senses Circuit,Ey53tLY1xUo,https://www.youtube.com/watch?v=Ey53tLY1xUo,Free with attribution (senses-circuit.com),https://www.senses-circuit.com/,680,1,channel
C 전투,C2_boss,보스 전투,PANICPUMPKIN No.140 じゃあくなこころ,PANICPUMPKIN (みそか),637xgATFL9g,https://www.youtube.com/watch?v=637xgATFL9g,Free with attribution (panicpumpkin terms),https://pansound.com/panicpumpkin/,169,1,channel
C 전투,C2_boss,보스 전투,The Complex,Kevin MacLeod,DkKjv25xtEE,https://www.youtube.com/watch?v=DkKjv25xtEE,CC BY 4.0,https://incompetech.com/,268,1,incompetech
C 전투,C2_boss,보스 전투,Boss Battle,Eric Matyas (Soundimage.org),Ul3XiB18nuc,https://www.youtube.com/watch?v=Ul3XiB18nuc,Free with attribution,https://soundimage.org/,100,1,channel
C 전투,C2_boss,보스 전투,A Boss Theme Inspired by Final Fantasy | By Tim Beek,Tim Beek,fUEmvlewebU,https://www.youtube.com/watch?v=fUEmvlewebU,Free with attribution (timbeek.com),https://timbeek.com/,121,1,channel
C 전투,C2_boss,보스 전투,"Asian Hybrid ""Samurai Saké Showdown""",Darren Curtis,NOGZX7Z4wSI,https://www.youtube.com/watch?v=NOGZX7Z4wSI,Free with attribution,https://www.darrencurtismusic.com/,77,1,channel
C 전투,C2_boss,보스 전투,Mega Boss Fight,Alexander Nakarada,_0M7Lvyl554,https://www.youtube.com/watch?v=_0M7Lvyl554,CC BY 4.0,https://www.creatorchords.com/,55,1,channel
C 전투,C2_boss,보스 전투,賑やかなアラビアン・オリエンタル Folk_Arabian,PeriTune,9BqvaO_rTKg,https://www.youtube.com/watch?v=9BqvaO_rTKg,CC BY 4.0,https://peritune.com/,112,1,channel
C 전투,C2_boss,보스 전투,PANICPUMPKIN No.101 あらしのまじん,PANICPUMPKIN (みそか),zOsKAMxXSpw,https://www.youtube.com/watch?v=zOsKAMxXSpw,Free with attribution (panicpumpkin terms),https://pansound.com/panicpumpkin/,159,1,channel
C 전투,C2_boss,보스 전투,Call to Adventure,Kevin MacLeod,BCpB4dec6hk,https://www.youtube.com/watch?v=BCpB4dec6hk,CC BY 4.0,https://incompetech.com/,247,1,incompetech
C 전투,C2_boss,보스 전투,Invasion of the Giant Disco Ants,Eric Matyas (Soundimage.org),qiE3qY5fb6o,https://www.youtube.com/watch?v=qiE3qY5fb6o,Free with attribution,https://soundimage.org/,89,1,channel
C 전투,C2_boss,보스 전투,Villain Showdown: Frozen Sword Soundtrack,Darren Curtis,I_PSePmq8Y0,https://www.youtube.com/watch?v=I_PSePmq8Y0,Free with attribution,https://www.darrencurtismusic.com/,76,1,channel
C 전투,C2_boss,보스 전투,おしゃれなタンゴ Tango_Romantic,PeriTune,TOEsmj82120,https://www.youtube.com/watch?v=TOEsmj82120,CC BY 4.0,https://peritune.com/,96,1,channel
C 전투,C2_boss,보스 전투,PANICPUMPKIN No.219 はんこつのらんぶ,PANICPUMPKIN (みそか),0yko8ovYOPM,https://www.youtube.com/watch?v=0yko8ovYOPM,Free with attribution (panicpumpkin terms),https://pansound.com/panicpumpkin/,151,1,channel
C 전투,C2_boss,보스 전투,Dark Fog,Kevin MacLeod,7-LEBIfAh1A,https://www.youtube.com/watch?v=7-LEBIfAh1A,CC BY 4.0,https://incompetech.com/,239,1,incompetech
C 전투,C2_boss,보스 전투,The Giant Gates Open,Eric Matyas (Soundimage.org),XacRVDKdwnE,https://www.youtube.com/watch?v=XacRVDKdwnE,Free with attribution,https://soundimage.org/,75,1,channel
C 전투,C2_boss,보스 전투,情熱的なタンゴ Folk_Tango,PeriTune,zhEF2NO3r0k,https://www.youtube.com/watch?v=zhEF2NO3r0k,CC BY 4.0,https://peritune.com/,78,1,channel
C 전투,C2_boss,보스 전투,PANICPUMPKIN No.079 わらうきこうし,PANICPUMPKIN (みそか),XMn3zMlDOg0,https://www.youtube.com/watch?v=XMn3zMlDOg0,Free with attribution (panicpumpkin terms),https://pansound.com/panicpumpkin/,113,1,channel
C 전투,C2_boss,보스 전투,Vadodora,Kevin MacLeod,hlXfnnBOoTs,https://www.youtube.com/watch?v=hlXfnnBOoTs,CC BY 4.0,https://incompetech.com/,223,1,incompetech
C 전투,C2_boss,보스 전투,PANICPUMPKIN No.139 ゆだんはきんもつ,PANICPUMPKIN (みそか),wmx_6ZvXo-I,https://www.youtube.com/watch?v=wmx_6ZvXo-I,Free with attribution (panicpumpkin terms),https://pansound.com/panicpumpkin/,108,1,channel
C 전투,C2_boss,보스 전투,Shadowlands 1 - Horizon,Kevin MacLeod,w0dmeSsQVoo,https://www.youtube.com/watch?v=w0dmeSsQVoo,CC BY 4.0,https://incompetech.com/,220,1,incompetech
C 전투,C2_boss,보스 전투,PANICPUMPKIN No.022 かぜがきりさく,PANICPUMPKIN (みそか),GEfOfU6PRNA,https://www.youtube.com/watch?v=GEfOfU6PRNA,Free with attribution (panicpumpkin terms),https://pansound.com/panicpumpkin/,107,1,channel
C 전투,C2_boss,보스 전투,Big Drumming,Kevin MacLeod,42s2UM1HjY4,https://www.youtube.com/watch?v=42s2UM1HjY4,CC BY 4.0,https://incompetech.com/,219,1,incompetech
C 전투,C2_boss,보스 전투,PANICPUMPKIN No.071 わざわいのびしゅ,PANICPUMPKIN (みそか),ix9x1RPanm0,https://www.youtube.com/watch?v=ix9x1RPanm0,Free with attribution (panicpumpkin terms),https://pansound.com/panicpumpkin/,103,1,channel
C 전투,C2_boss,보스 전투,Reformat,Kevin MacLeod,YU9AWznimrU,https://www.youtube.com/watch?v=YU9AWznimrU,CC BY 4.0,https://incompetech.com/,219,1,incompetech
C 전투,C3_rival,라이벌/특수 보스,Music from 'Victim' Animator vs. Animation 11,Scott Buckley,_a7fp-U6_qE,https://www.youtube.com/watch?v=_a7fp-U6_qE,CC BY 4.0,https://www.scottbuckley.com.au/,1007,2,channel
C 전투,C3_rival,라이벌/특수 보스,Female Solo Vocals Comparison - Ethera Gold Atlantis vs Jaeger IV vs Shevannai : No Talking,Darren Curtis,r_cg6aAFw9k,https://www.youtube.com/watch?v=r_cg6aAFw9k,Free with attribution,https://www.darrencurtismusic.com/,402,2,channel
C 전투,C3_rival,라이벌/특수 보스,ループ -宿敵 因縁 対峙BGM by hitoshi /,Senses Circuit,BfcGVFd5j5w,https://www.youtube.com/watch?v=BfcGVFd5j5w,Free with attribution (senses-circuit.com),https://www.senses-circuit.com/,210,2,channel
C 전투,C3_rival,라이벌/특수 보스,"""New Challenger!"" Exciting Adventure Game Music",HeatleyBros,vlQaSqIvkFc,https://www.youtube.com/watch?v=vlQaSqIvkFc,Free with attribution,https://www.heatleybros.com/,183,2,channel
C 전투,C3_rival,라이벌/특수 보스,Spy vs Jam - Funk/Metal,TeknoAXE,rAtYgl55_X8,https://www.youtube.com/watch?v=rAtYgl55_X8,CC BY 4.0,https://teknoaxe.com/,193,1,channel
C 전투,C3_rival,라이벌/특수 보스,Black Gold Skinhead (Kanye vs. Black Keys) - Visager,Visager,2P9Dk2ImR84,https://www.youtube.com/watch?v=2P9Dk2ImR84,CC BY 4.0,https://visager.bandcamp.com/,171,1,channel
C 전투,C3_rival,라이벌/특수 보스,Pixel Spy vs Spy,Eric Matyas (Soundimage.org),RyMIKhq7eck,https://www.youtube.com/watch?v=RyMIKhq7eck,Free with attribution,https://soundimage.org/,96,1,channel
C 전투,C3_rival,라이벌/특수 보스,Music from 'The Machine' Animator vs. Animation 13,Scott Buckley,Rqrh_1ZxPQY,https://www.youtube.com/watch?v=Rqrh_1ZxPQY,CC BY 4.0,https://www.scottbuckley.com.au/,994,2,channel
C 전투,C3_rival,라이벌/특수 보스,ループ -宿敵 因縁 メタルBGM by hitoshi /,Senses Circuit,T_Gq47QH6jo,https://www.youtube.com/watch?v=T_Gq47QH6jo,Free with attribution (senses-circuit.com),https://www.senses-circuit.com/,481,1,channel
C 전투,C3_rival,라이벌/특수 보스,Music from 'Hacker' Animator vs. Animation 12,Scott Buckley,nC87g5_QGt8,https://www.youtube.com/watch?v=nC87g5_QGt8,CC BY 4.0,https://www.scottbuckley.com.au/,986,2,channel
C 전투,C3_rival,라이벌/특수 보스,Music from 'Animation vs. Physics',Scott Buckley,kvWHRL_UFiE,https://www.youtube.com/watch?v=kvWHRL_UFiE,CC BY 4.0,https://www.scottbuckley.com.au/,968,2,channel
C 전투,C3_rival,라이벌/특수 보스,Music from 'Lucky Block Staff' - Animation Vs. Minecraft Ep. 33,Scott Buckley,2jIWuT6bIUs,https://www.youtube.com/watch?v=2jIWuT6bIUs,CC BY 4.0,https://www.scottbuckley.com.au/,813,2,channel
C 전투,C3_rival,라이벌/특수 보스,Music from 'Animation vs Math',Scott Buckley,1yFOe4lbvKM,https://www.youtube.com/watch?v=1yFOe4lbvKM,CC BY 4.0,https://www.scottbuckley.com.au/,808,2,channel
C 전투,C3_rival,라이벌/특수 보스,Music from 'Wanted' - Animator vs. Animation VI Ep. 1,Scott Buckley,_MawPgpPtXA,https://www.youtube.com/watch?v=_MawPgpPtXA,CC BY 4.0,https://www.scottbuckley.com.au/,765,2,channel
C 전투,C3_rival,라이벌/특수 보스,Music from 'Bedwars' - Animation vs. Minecraft Ep. 36,Scott Buckley,KDYG7lDHog8,https://www.youtube.com/watch?v=KDYG7lDHog8,CC BY 4.0,https://www.scottbuckley.com.au/,642,2,channel
C 전투,C3_rival,라이벌/특수 보스,Music from 'The Box' - Animator vs. Animation VI Ep. 2,Scott Buckley,cRQZp-lzNo0,https://www.youtube.com/watch?v=cRQZp-lzNo0,CC BY 4.0,https://www.scottbuckley.com.au/,636,2,channel
C 전투,C3_rival,라이벌/특수 보스,Music from 'Animation vs. Addiction',Scott Buckley,9V9yW_xuhLg,https://www.youtube.com/watch?v=9V9yW_xuhLg,CC BY 4.0,https://www.scottbuckley.com.au/,634,2,channel
C 전투,C3_rival,라이벌/특수 보스,Music from 'Creeper Clan' Animation vs. Minecraft Ep. 40,Scott Buckley,w8q7lI4HESM,https://www.youtube.com/watch?v=w8q7lI4HESM,CC BY 4.0,https://www.scottbuckley.com.au/,597,2,channel
C 전투,C3_rival,라이벌/특수 보스,Music from 'The Aether' Animation vs. Minecraft Ep. 39,Scott Buckley,U_tZl6g8zWY,https://www.youtube.com/watch?v=U_tZl6g8zWY,CC BY 4.0,https://www.scottbuckley.com.au/,520,2,channel
C 전투,C3_rival,라이벌/특수 보스,Music from 'Monster School' - Animation Vs. Minecraft Ep. 27,Scott Buckley,MHg3t4Qadu0,https://www.youtube.com/watch?v=MHg3t4Qadu0,CC BY 4.0,https://www.scottbuckley.com.au/,476,2,channel
C 전투,C3_rival,라이벌/특수 보스,Music from 'Note Block Concert' - Animation Vs. Minecraft Ep. 35,Scott Buckley,1Vseg_2LCFI,https://www.youtube.com/watch?v=1Vseg_2LCFI,CC BY 4.0,https://www.scottbuckley.com.au/,463,2,channel
C 전투,C3_rival,라이벌/특수 보스,Music from 'Note Block Uni se' - Animation Vs. Minecraft Ep. 29,Scott Buckley,RbR3sx1K3S4,https://www.youtube.com/watch?v=RbR3sx1K3S4,CC BY 4.0,https://www.scottbuckley.com.au/,429,2,channel
C 전투,C3_rival,라이벌/특수 보스,Music from 'Parkour' (Animation vs. Minecraft Ep. 22),Scott Buckley,PzrSRvX53Fk,https://www.youtube.com/watch?v=PzrSRvX53Fk,CC BY 4.0,https://www.scottbuckley.com.au/,429,2,channel
C 전투,C3_rival,라이벌/특수 보스,Music from 'The Warden' - Animation Vs. Minecraft Ep. 26,Scott Buckley,no-vjAUZ6cc,https://www.youtube.com/watch?v=no-vjAUZ6cc,CC BY 4.0,https://www.scottbuckley.com.au/,408,2,channel
C 전투,C3_rival,라이벌/특수 보스,Music from 'The Raid' - Animation Vs. Minecraft Ep. 28,Scott Buckley,kIcYDnHbR1E,https://www.youtube.com/watch?v=kIcYDnHbR1E,CC BY 4.0,https://www.scottbuckley.com.au/,391,2,channel
C 전투,C3_rival,라이벌/특수 보스,Music from 'The Chef' - Animation Vs. Minecraft Ep. 32,Scott Buckley,AzRHXmj2J5Y,https://www.youtube.com/watch?v=AzRHXmj2J5Y,CC BY 4.0,https://www.scottbuckley.com.au/,366,2,channel
C 전투,C3_rival,라이벌/특수 보스,Pigstep (AvM Remix) -- Music from Animation vs. Minecraft Ep. 25,Scott Buckley,oDZK3_c-Vkc,https://www.youtube.com/watch?v=oDZK3_c-Vkc,CC BY 4.0,https://www.scottbuckley.com.au/,362,2,channel
C 전투,C3_rival,라이벌/특수 보스,Music from 'The Far Lands' Animation vs. Minecraft Ep. 38,Scott Buckley,hvpCgtW_VWI,https://www.youtube.com/watch?v=hvpCgtW_VWI,CC BY 4.0,https://www.scottbuckley.com.au/,332,2,channel
C 전투,C3_rival,라이벌/특수 보스,Music from 'Hardcore Manhunt' Animation vs. Minecraft Ep. 37,Scott Buckley,gSd_kLDwFG0,https://www.youtube.com/watch?v=gSd_kLDwFG0,CC BY 4.0,https://www.scottbuckley.com.au/,327,2,channel
C 전투,C3_rival,라이벌/특수 보스,Music from 'Piglin War' - Animation Vs. Minecraft Ep. 20,Scott Buckley,Ny4CL5-kWHM,https://www.youtube.com/watch?v=Ny4CL5-kWHM,CC BY 4.0,https://www.scottbuckley.com.au/,258,2,channel
C 전투,C3_rival,라이벌/특수 보스,'Fiddlesticks vs Ahri' - Music from FP League of Legends,Scott Buckley,UKzJ7q8WVVQ,https://www.youtube.com/watch?v=UKzJ7q8WVVQ,CC BY 4.0,https://www.scottbuckley.com.au/,65,1,channel
C 전투,C3_rival,라이벌/특수 보스,'Graves vs Miss Fortune' - Music from FP League of Legends,Scott Buckley,jDclKlvwddM,https://www.youtube.com/watch?v=jDclKlvwddM,CC BY 4.0,https://www.scottbuckley.com.au/,63,1,channel
C 전투,C3_rival,라이벌/특수 보스,'Kog'Maw vs Lux' - Music from FP League of Legends,Scott Buckley,nc_CdsTTH6k,https://www.youtube.com/watch?v=nc_CdsTTH6k,CC BY 4.0,https://www.scottbuckley.com.au/,60,1,channel
C 전투,C3_rival,라이벌/특수 보스,Punch Deck - DRAGON VS GOOSE: BATTLE OF THE CENTURY,Punch Deck,xKKwFcS9YIM,https://www.youtube.com/watch?v=xKKwFcS9YIM,CC BY 4.0,https://punchdeck.bandcamp.com/,160,1,channel
C 전투,C3_rival,라이벌/특수 보스,ループ -宿命のライバル・対峙・バトルBGM by hitoshi /,Senses Circuit,CdLonxwbrmA,https://www.youtube.com/watch?v=CdLonxwbrmA,Free with attribution (senses-circuit.com),https://www.senses-circuit.com/,75,1,channel
C 전투,C3_rival,라이벌/특수 보스,Alexandr Zhelanov - Tiny Swords Duel (FREE TO USE),Alexandr Zhelanov,4-1myOrpHpw,https://www.youtube.com/watch?v=4-1myOrpHpw,CC BY 3.0/4.0,https://soundcloud.com/alexandr-zhelanov,62,1,channel
C 전투,C3_rival,라이벌/특수 보스,Crossing the Divide,Kevin MacLeod,msFl49TN4ag,https://www.youtube.com/watch?v=msFl49TN4ag,CC BY 4.0,https://incompetech.com/,193,2,incompetech
C 전투,C3_rival,라이벌/특수 보스,Saber Duel,Kevin MacLeod,f9gE3goathI,https://www.youtube.com/watch?v=f9gE3goathI,CC BY 4.0,https://incompetech.com/,75,1,channel
C 전투,C4_finalboss,최종 보스,'At The End Of All Things' Ambient Neoclassical,Scott Buckley,faA_Uf-LDNk,https://www.youtube.com/watch?v=faA_Uf-LDNk,CC BY 4.0,https://www.scottbuckley.com.au/,317,2,channel
C 전투,C4_finalboss,최종 보스,"""Angels And Demons"" Final Battle Music Theme",Darren Curtis,20HS9fTZOTs,https://www.youtube.com/watch?v=20HS9fTZOTs,Free with attribution,https://www.darrencurtismusic.com/,235,2,channel
C 전투,C4_finalboss,최종 보스,PANICPUMPKIN No.121 あがめられるもの,PANICPUMPKIN (みそか),_PU6Mh7fTdo,https://www.youtube.com/watch?v=_PU6Mh7fTdo,Free with attribution (panicpumpkin terms),https://pansound.com/panicpumpkin/,233,2,channel
C 전투,C4_finalboss,최종 보스,Action/Emotional Music - - Last Stand,Vindsvept,roKJk4ekILA,https://www.youtube.com/watch?v=roKJk4ekILA,Free with attribution (non-commercial),https://vindsvept.bandcamp.com/,249,1,channel
C 전투,C4_finalboss,최종 보스,Epic Soundtrack → The Final Stand,Alexander Nakarada,KY2NHDBFGfs,https://www.youtube.com/watch?v=KY2NHDBFGfs,CC BY 4.0,https://www.creatorchords.com/,166,1,channel
C 전투,C4_finalboss,최종 보스,BH02-B: Decisive Battle - Aaron Krogh,Aaron Krogh,OuW8damhM6U,https://www.youtube.com/watch?v=OuW8damhM6U,Free with attribution,https://soundcloud.com/aaron-anderson-11,99,1,channel
C 전투,C4_finalboss,최종 보스,RPG Battle Climax,Eric Matyas (Soundimage.org),R6GSbn_MFMk,https://www.youtube.com/watch?v=R6GSbn_MFMk,Free with attribution,https://soundimage.org/,69,1,channel
C 전투,C4_finalboss,최종 보스,O ture for 'Avengers: Endgame',Scott Buckley,78wuvcljKiQ,https://www.youtube.com/watch?v=78wuvcljKiQ,CC BY 4.0,https://www.scottbuckley.com.au/,251,2,channel
C 전투,C4_finalboss,최종 보스,Chaotic Light Final Showdown Theme,Darren Curtis,qQiFF25jTdc,https://www.youtube.com/watch?v=qQiFF25jTdc,Free with attribution,https://www.darrencurtismusic.com/,226,2,channel
C 전투,C4_finalboss,최종 보스,腐界に眠る王女のアバドーン ラスボスBGM解説動画,PANICPUMPKIN (みそか),TegEX6xX5U0,https://www.youtube.com/watch?v=TegEX6xX5U0,Free with attribution (panicpumpkin terms),https://pansound.com/panicpumpkin/,150,1,channel
C 전투,C4_finalboss,최종 보스,BH02-A: Decisive Battle (Demo) - Aaron Krogh,Aaron Krogh,pEeBQt9Pxq0,https://www.youtube.com/watch?v=pEeBQt9Pxq0,Free with attribution,https://soundcloud.com/aaron-anderson-11,89,1,channel
C 전투,C4_finalboss,최종 보스,The Final Battle: Frozen Sword RPG Soundtrack,Darren Curtis,GMS7ufqhl7g,https://www.youtube.com/watch?v=GMS7ufqhl7g,Free with attribution,https://www.darrencurtismusic.com/,135,1,channel
C 전투,C4_finalboss,최종 보스,PANICPUMPKIN No.067 これがあのきみなのか,PANICPUMPKIN (みそか),ehqqX_2Z-ks,https://www.youtube.com/watch?v=ehqqX_2Z-ks,Free with attribution (panicpumpkin terms),https://pansound.com/panicpumpkin/,134,1,channel
C 전투,C4_finalboss,최종 보스,"Omnisphere 2 ""Ultimate Evil"" Dark Music Royalty Free",Darren Curtis,AE2d3MrYm8o,https://www.youtube.com/watch?v=AE2d3MrYm8o,Free with attribution,https://www.darrencurtismusic.com/,130,1,channel
C 전투,C4_finalboss,최종 보스,PANICPUMPKIN No.029 つどええらばれしせんし,PANICPUMPKIN (みそか),hiQZ2moDq68,https://www.youtube.com/watch?v=hiQZ2moDq68,Free with attribution (panicpumpkin terms),https://pansound.com/panicpumpkin/,90,1,channel
C 전투,C4_finalboss,최종 보스,"Free Epic Hybrid Orchestral ""Epic Nucis"" to Help Beat the Final Boss",Darren Curtis,SUibHIsRPbk,https://www.youtube.com/watch?v=SUibHIsRPbk,Free with attribution,https://www.darrencurtismusic.com/,183,2,channel
C 전투,C4_finalboss,최종 보스,Final Battle of the Dark Wizards,Kevin MacLeod,7T5KaIlcDHw,https://www.youtube.com/watch?v=7T5KaIlcDHw,CC BY 4.0,https://incompetech.com/,272,2,incompetech
C 전투,C5_resolve,결전 직전/결의,Epic Classical Soundtrack → Resolution,Alexander Nakarada,LafkHS600aE,https://www.youtube.com/watch?v=LafkHS600aE,CC BY 4.0,https://www.creatorchords.com/,243,4,channel
C 전투,C5_resolve,결전 직전/결의,Pyro Flow,Kevin MacLeod,Bg1k4WPDRBw,https://www.youtube.com/watch?v=Bg1k4WPDRBw,CC BY 4.0,https://incompetech.com/,234,4,incompetech
C 전투,C5_resolve,결전 직전/결의,"The brave orchestra ""Strategy""",PeriTune,foXgs0X4pZg,https://www.youtube.com/watch?v=foXgs0X4pZg,CC BY 4.0,https://peritune.com/,232,4,channel
C 전투,C5_resolve,결전 직전/결의,Punch Deck - Stand Your Ground,Punch Deck,LInl6RUvWMk,https://www.youtube.com/watch?v=LInl6RUvWMk,CC BY 4.0,https://punchdeck.bandcamp.com/,201,4,channel
C 전투,C5_resolve,결전 직전/결의,"Dark Fantasy ""Prepare Thyself""",Darren Curtis,-cdY8vf6ZDI,https://www.youtube.com/watch?v=-cdY8vf6ZDI,Free with attribution,https://www.darrencurtismusic.com/,148,3,channel
C 전투,C5_resolve,결전 직전/결의,A small resolution Music,MusMus,emxwcjdTJVs,https://www.youtube.com/watch?v=emxwcjdTJVs,Free with attribution (musmus.main.jp),https://musmus.main.jp/,132,3,channel
C 전투,C5_resolve,결전 직전/결의,ループ -夜明け・決意・潜入BGM by hitoshi /,Senses Circuit,lVDyi7UhzA4,https://www.youtube.com/watch?v=lVDyi7UhzA4,Free with attribution (senses-circuit.com),https://www.senses-circuit.com/,121,3,channel
C 전투,C5_resolve,결전 직전/결의,決意の重さ,DOVA-SYNDROME (official),9eMwEfTmL2g,https://www.youtube.com/watch?v=9eMwEfTmL2g,Free (DOVA-SYNDROME license),https://dova-s.jp/,105,3,channel
C 전투,C5_resolve,결전 직전/결의,EDM Music - - Ne Stand Alone ft. Jason Kay,Vindsvept,etZtF9XW_Gg,https://www.youtube.com/watch?v=etZtF9XW_Gg,Free with attribution (non-commercial),https://vindsvept.bandcamp.com/,204,2,channel
C 전투,C5_resolve,결전 직전/결의,"""Before The Storm"" Royalty Free Cinematic Music",Alexander Nakarada,iEyaBCAEaQo,https://www.youtube.com/watch?v=iEyaBCAEaQo,CC BY 4.0,https://www.creatorchords.com/,192,4,channel
C 전투,C5_resolve,결전 직전/결의,"Epic Soundtrack → Rise Up, Stand Up",Alexander Nakarada,gsWX_zyQtqY,https://www.youtube.com/watch?v=gsWX_zyQtqY,CC BY 4.0,https://www.creatorchords.com/,177,3,channel
C 전투,C5_resolve,결전 직전/결의,Bound by the Oath - Royalty Free Cinematic Metal,Alexander Nakarada,PRjZgcyUATY,https://www.youtube.com/watch?v=PRjZgcyUATY,CC BY 4.0,https://www.creatorchords.com/,197,2,channel
C 전투,C5_resolve,결전 직전/결의,Giant Wyrm,Kevin MacLeod,n3w9QsF5ggs,https://www.youtube.com/watch?v=n3w9QsF5ggs,CC BY 4.0,https://incompetech.com/,259,4,incompetech
C 전투,C6_chase,도주/추격/긴급,Magic Escape Room,Kevin MacLeod,1G3Phdm2bvw,https://www.youtube.com/watch?v=1G3Phdm2bvw,CC BY 4.0,https://incompetech.com/,863,2,incompetech
C 전투,C6_chase,도주/추격/긴급,Drones for Drones - Lunch Break Escape,Ben Burnes (Abstraction),zEXJn2z1PnA,https://www.youtube.com/watch?v=zEXJn2z1PnA,Free with attribution,https://abstractionmusic.com/,601,2,channel
C 전투,C6_chase,도주/추격/긴급,"Chris Zabriskie - ""Androids Always Escape"" + ""The Sun is Scheduled to Come Out Tomorrow""",Chris Zabriskie,pJyVu3IHvOE,https://www.youtube.com/watch?v=pJyVu3IHvOE,CC BY 4.0,https://chriszabriskie.com/,519,2,channel
C 전투,C6_chase,도주/추격/긴급,Music from 'Ultimate Minecart Race' - Animation Vs. Minecraft Ep. 31,Scott Buckley,CKJF7qtDhfM,https://www.youtube.com/watch?v=CKJF7qtDhfM,CC BY 4.0,https://www.scottbuckley.com.au/,417,2,channel
C 전투,C6_chase,도주/추격/긴급,Run at Night /,MusMus,MzCO1pb0gKM,https://www.youtube.com/watch?v=MzCO1pb0gKM,Free with attribution (musmus.main.jp),https://musmus.main.jp/,401,2,channel
C 전투,C6_chase,도주/추격/긴급,Escape,Nihilore,om2Kugb-2BI,https://www.youtube.com/watch?v=om2Kugb-2BI,CC BY 4.0,https://www.nihilore.com/,324,2,channel
C 전투,C6_chase,도주/추격/긴급,ループ -サイバー・逃走・バトルBGM by hitoshi /,Senses Circuit,EMuBUzI1MHs,https://www.youtube.com/watch?v=EMuBUzI1MHs,Free with attribution (senses-circuit.com),https://www.senses-circuit.com/,280,2,channel
C 전투,C6_chase,도주/추격/긴급,❰Chillstep❱ Sappheiros - Escape Escape EP,Sappheiros,hKCZrdxAolY,https://www.youtube.com/watch?v=hKCZrdxAolY,CC BY 3.0,https://soundcloud.com/sappheirosmusic,261,2,channel
C 전투,C6_chase,도주/추격/긴급,Tense Orchestral → Countdown (Royalty ),Alexander Nakarada,5pF64MNPQZ0,https://www.youtube.com/watch?v=5pF64MNPQZ0,CC BY 4.0,https://www.creatorchords.com/,255,2,channel
C 전투,C6_chase,도주/추격/긴급,Kai Engel - Run - Music,Kai Engel,J2tGigdzFLU,https://www.youtube.com/watch?v=J2tGigdzFLU,CC BY 4.0,https://www.kai-engel.com/,242,2,channel
C 전투,C6_chase,도주/추격/긴급,Up For a Race - 8-bit/Chiptune,TeknoAXE,pEJf3CBpgqM,https://www.youtube.com/watch?v=pEJf3CBpgqM,CC BY 4.0,https://teknoaxe.com/,234,2,channel
C 전투,C6_chase,도주/추격/긴급,"Upbeat Inspiring Game Music ""Spirit Run""",HeatleyBros,Supw59UD8uo,https://www.youtube.com/watch?v=Supw59UD8uo,Free with attribution,https://www.heatleybros.com/,232,2,channel
C 전투,C6_chase,도주/추격/긴급,Meydän - n0v4-5-run,Meydän,3dquDA-H5JU,https://www.youtube.com/watch?v=3dquDA-H5JU,CC BY 4.0,https://meydan.bandcamp.com/,222,2,channel
C 전투,C6_chase,도주/추격/긴급,Run away with me feat Jenni and the Hummingbird,Lee Rosevere,LKj-DOwbQXM,https://www.youtube.com/watch?v=LKj-DOwbQXM,CC BY 4.0,https://leerosevere.bandcamp.com/,220,2,channel
C 전투,C6_chase,도주/추격/긴급,♩♫ Epic Chase Music ♪♬ - Drive (Copyright and Royalty Free),Ross Bugden,3pZdZiPnsGs,https://www.youtube.com/watch?v=3pZdZiPnsGs,Free with attribution,https://www.youtube.com/@RossBugden,216,2,channel
C 전투,C6_chase,도주/추격/긴급,In Pursuit,DOVA-SYNDROME (official),u1ipV6g9hDw,https://www.youtube.com/watch?v=u1ipV6g9hDw,Free (DOVA-SYNDROME license),https://dova-s.jp/,196,2,channel
C 전투,C6_chase,도주/추격/긴급,PANICPUMPKIN No.094 無限培養オーベルテロル,PANICPUMPKIN (みそか),L-FYXY7d9I8,https://www.youtube.com/watch?v=L-FYXY7d9I8,Free with attribution (panicpumpkin terms),https://pansound.com/panicpumpkin/,189,2,channel
C 전투,C6_chase,도주/추격/긴급,"Alexandr Zhelanov - Space Jail (Escape from ""APOKAL"" OST)",Alexandr Zhelanov,Fl-qqyOPdP0,https://www.youtube.com/watch?v=Fl-qqyOPdP0,CC BY 3.0/4.0,https://soundcloud.com/alexandr-zhelanov,187,2,channel
C 전투,C6_chase,도주/추격/긴급,Punch Deck - Escape Artist,Punch Deck,1g4j4QQmG84,https://www.youtube.com/watch?v=1g4j4QQmG84,CC BY 4.0,https://punchdeck.bandcamp.com/,181,2,channel
C 전투,C6_chase,도주/추격/긴급,Magical Getaway,Eric Matyas (Soundimage.org),aFGlWhMTXwQ,https://www.youtube.com/watch?v=aFGlWhMTXwQ,Free with attribution,https://soundimage.org/,163,1,channel
C 전투,C6_chase,도주/추격/긴급,Sergey Cheremisinov - Dream - Escape ( music),Sergey Cheremisinov,O_01NPc5k3o,https://www.youtube.com/watch?v=O_01NPc5k3o,CC BY 4.0,https://www.cheremisinov.com/,151,1,channel
C 전투,C6_chase,도주/추격/긴급,"Intense Sci-Fi Theme ""Race for your Life"" for Chases and Battles on Your Speeder!",Darren Curtis,aQFvDvSrOSE,https://www.youtube.com/watch?v=aQFvDvSrOSE,Free with attribution,https://www.darrencurtismusic.com/,148,1,channel
C 전투,C6_chase,도주/추격/긴급,Música Sin Copyright - Chase At Rush Hour,Patrick de Arteaga,ig10DPCaHPE,https://www.youtube.com/watch?v=ig10DPCaHPE,CC BY 4.0,https://patrickdearteaga.com/,131,1,channel
C 전투,C6_chase,도주/추격/긴급,Mini Run,Tim Beek,SKk8OA3Cmps,https://www.youtube.com/watch?v=SKk8OA3Cmps,Free with attribution (timbeek.com),https://timbeek.com/,75,1,channel
C 전투,C6_chase,도주/추격/긴급,Only If Soundtrack (Steven O'Brien) - 7. Run!,Steven O'Brien,TCT6ksV9k54,https://www.youtube.com/watch?v=TCT6ksV9k54,CC BY 4.0,https://www.steven-obrien.net/,69,1,channel
C 전투,C6_chase,도주/추격/긴급,Race!,Visager,pYy6M06Ya2w,https://www.youtube.com/watch?v=pYy6M06Ya2w,CC BY 4.0,https://visager.bandcamp.com/,55,1,channel
C 전투,C6_chase,도주/추격/긴급,Ossuary 4 - Animate,Kevin MacLeod,ys5Sn3BOk1s,https://www.youtube.com/watch?v=ys5Sn3BOk1s,CC BY 4.0,https://incompetech.com/,197,1,incompetech
C 전투,C6_chase,도주/추격/긴급,"Bodega Run - 2HTC, Season 25",Ben Burnes (Abstraction),4pm-UoZBSuw,https://www.youtube.com/watch?v=4pm-UoZBSuw,Free with attribution,https://abstractionmusic.com/,199,2,channel
C 전투,C6_chase,도주/추격/긴급,"Chris Zabriskie - ""I Am Running With Temporary Success From a Monstrous Vacuum in Pursuit""",Chris Zabriskie,RlThdcYMIZo,https://www.youtube.com/watch?v=RlThdcYMIZo,CC BY 4.0,https://chriszabriskie.com/,438,2,channel
C 전투,C6_chase,도주/추격/긴급,'Race The Sun' Epic Hybrid Orchestral,Scott Buckley,3G3hXindvBc,https://www.youtube.com/watch?v=3G3hXindvBc,CC BY 4.0,https://www.scottbuckley.com.au/,292,2,channel
C 전투,C6_chase,도주/추격/긴급,ゆっくり急げ！,MusMus,f3GgphZP8WY,https://www.youtube.com/watch?v=f3GgphZP8WY,Free with attribution (musmus.main.jp),https://musmus.main.jp/,161,1,channel
C 전투,C6_chase,도주/추격/긴급,The Days That Flee By Without Any Mercy,Nihilore,wHlfH8qf4Bo,https://www.youtube.com/watch?v=wHlfH8qf4Bo,CC BY 4.0,https://www.nihilore.com/,254,2,channel
C 전투,C6_chase,도주/추격/긴급,ループ -疾走 脱走 逃走BGM by hitoshi /,Senses Circuit,sP6LQ4wVL1w,https://www.youtube.com/watch?v=sP6LQ4wVL1w,Free with attribution (senses-circuit.com),https://www.senses-circuit.com/,257,2,channel
C 전투,C6_chase,도주/추격/긴급,❰Chillstep❱ Sappheiros - A Tale of Unexplored Worlds Escape EP,Sappheiros,vJWVVLgdlEQ,https://www.youtube.com/watch?v=vJWVVLgdlEQ,CC BY 3.0,https://soundcloud.com/sappheirosmusic,250,2,channel
C 전투,C6_chase,도주/추격/긴급,"Royalty Free ► ""Chase"" - Epic Action Music",Alexander Nakarada,28ZoWcuBNyY,https://www.youtube.com/watch?v=28ZoWcuBNyY,CC BY 4.0,https://www.creatorchords.com/,130,1,channel
C 전투,C6_chase,도주/추격/긴급,Kai Engel - Cutting to the Chase - Music,Kai Engel,AZz_OdxYlio,https://www.youtube.com/watch?v=AZz_OdxYlio,CC BY 4.0,https://www.kai-engel.com/,150,1,channel
C 전투,C6_chase,도주/추격/긴급,Zen Alert - Synthwave,TeknoAXE,WWG1XQn0eDU,https://www.youtube.com/watch?v=WWG1XQn0eDU,CC BY 4.0,https://teknoaxe.com/,234,2,channel
C 전투,C6_chase,도주/추격/긴급,"""Zombie Run!"" 8 Bit Halloween Game Music",HeatleyBros,u9LL6sqrunU,https://www.youtube.com/watch?v=u9LL6sqrunU,Free with attribution,https://www.heatleybros.com/,211,2,channel
C 전투,C6_chase,도주/추격/긴급,Kinley - Run with you Lee Rose e remix,Lee Rosevere,MssgwbdrxW0,https://www.youtube.com/watch?v=MssgwbdrxW0,CC BY 4.0,https://leerosevere.bandcamp.com/,194,2,channel
C 전투,C6_chase,도주/추격/긴급,♩♫ Epic Chase Music ♪♬ - Run (Copyright and Royalty Free),Ross Bugden,ujsCRw-eA0o,https://www.youtube.com/watch?v=ujsCRw-eA0o,Free with attribution,https://www.youtube.com/@RossBugden,123,1,channel
D 드라마,D1_sorrow,슬픔/애도/진혼곡,"Gentle piano solo ""Recollection""",PeriTune,Ii7_xeg51TA,https://www.youtube.com/watch?v=Ii7_xeg51TA,CC BY 4.0,https://peritune.com/,431,5,channel
D 드라마,D1_sorrow,슬픔/애도/진혼곡,Piano Improvisation → Burt's Requiem,Alexander Nakarada,z8VUetnKI5g,https://www.youtube.com/watch?v=z8VUetnKI5g,CC BY 4.0,https://www.creatorchords.com/,426,5,channel
D 드라마,D1_sorrow,슬픔/애도/진혼곡,"""Sad Day"" Slow Calm Game Music",HeatleyBros,b379EuphMo8,https://www.youtube.com/watch?v=b379EuphMo8,Free with attribution,https://www.heatleybros.com/,305,5,channel
D 드라마,D1_sorrow,슬픔/애도/진혼곡,Sad Anime Piano Music - Lonely Lake,Derek & Brandon Fiechter,8RJhV8fvNmM,https://www.youtube.com/watch?v=8RJhV8fvNmM,Free with attribution (non-commercial),https://www.youtube.com/@Fiechters,217,5,channel
D 드라마,D1_sorrow,슬픔/애도/진혼곡,Past Sadness,Kevin MacLeod,TCpAjWUn0qg,https://www.youtube.com/watch?v=TCpAjWUn0qg,CC BY 4.0,https://incompetech.com/,213,5,incompetech
D 드라마,D1_sorrow,슬픔/애도/진혼곡,Whispers in the Winter Wind - Sad Piano Music,Vindsvept,Soo87Lj0-bI,https://www.youtube.com/watch?v=Soo87Lj0-bI,Free with attribution (non-commercial),https://vindsvept.bandcamp.com/,195,5,channel
D 드라마,D1_sorrow,슬픔/애도/진혼곡,"""The Girl From The Dream"" Romantic Tragic Piano Piece EWQL",Darren Curtis,r5CvIKh4ePE,https://www.youtube.com/watch?v=r5CvIKh4ePE,Free with attribution,https://www.darrencurtismusic.com/,180,5,channel
D 드라마,D1_sorrow,슬픔/애도/진혼곡,The Way Home After Dropping My Wallet / Copyright / Sad piano piece,MusMus,h_xGkaOmvIg,https://www.youtube.com/watch?v=h_xGkaOmvIg,Free with attribution (musmus.main.jp),https://musmus.main.jp/,156,5,channel
D 드라마,D1_sorrow,슬픔/애도/진혼곡,♩♫ Sad Piano Music ♪♬ - Solstice (Copyright and Royalty Free),Ross Bugden,5yRIt5yS36s,https://www.youtube.com/watch?v=5yRIt5yS36s,Free with attribution,https://www.youtube.com/@RossBugden,143,5,channel
D 드라마,D1_sorrow,슬픔/애도/진혼곡,Sad Piano Light Strings,Tim Beek,-IpEVTG5oWc,https://www.youtube.com/watch?v=-IpEVTG5oWc,Free with attribution (timbeek.com),https://timbeek.com/,104,5,channel
D 드라마,D1_sorrow,슬픔/애도/진혼곡,Monplaisir - Sad Machine Music,Loyalty Freak Music / Komiku,k6d1Qn3MVE8,https://www.youtube.com/watch?v=k6d1Qn3MVE8,CC0,https://loyaltyfreakmusic.com/,1324,4,channel
D 드라마,D1_sorrow,슬픔/애도/진혼곡,"Chris Zabriskie - ""The Life and Death of a Certain K. Zabriskie, Patriarch""",Chris Zabriskie,-ce7kV_hY4w,https://www.youtube.com/watch?v=-ce7kV_hY4w,CC BY 4.0,https://chriszabriskie.com/,932,4,channel
D 드라마,D1_sorrow,슬픔/애도/진혼곡,Koichi Morita - Tears around the world Music (Sekai ju no named),魔王魂 (森田交一),knJ7rBGeGQw,https://www.youtube.com/watch?v=knJ7rBGeGQw,Free with attribution (maou.audio terms),https://maou.audio/,497,4,channel
D 드라마,D1_sorrow,슬픔/애도/진혼곡,Don't Give In To Despair,Nihilore,iBPJOxir9YI,https://www.youtube.com/watch?v=iBPJOxir9YI,CC BY 4.0,https://www.nihilore.com/,481,4,channel
D 드라마,D1_sorrow,슬픔/애도/진혼곡,'Tears in Rain' Cinematic Electronica,Scott Buckley,7BuTvbRKf_g,https://www.youtube.com/watch?v=7BuTvbRKf_g,CC BY 4.0,https://www.scottbuckley.com.au/,340,4,channel
D 드라마,D1_sorrow,슬픔/애도/진혼곡,Alexandr Zhelanov - FL Caves of sorrow (FREE TO USE),Alexandr Zhelanov,RH5cSh_tAjo,https://www.youtube.com/watch?v=RH5cSh_tAjo,CC BY 3.0/4.0,https://soundcloud.com/alexandr-zhelanov,283,4,channel
D 드라마,D1_sorrow,슬픔/애도/진혼곡,BGM - 137 - Melancholic Tokyo,DOVA-SYNDROME (official),NgY2a481FEQ,https://www.youtube.com/watch?v=NgY2a481FEQ,Free (DOVA-SYNDROME license),https://dova-s.jp/,257,4,channel
D 드라마,D1_sorrow,슬픔/애도/진혼곡,Let the World Forget Us - Mourning Sun,Ben Burnes (Abstraction),M9QbGIDi3uM,https://www.youtube.com/watch?v=M9QbGIDi3uM,Free with attribution,https://abstractionmusic.com/,205,4,channel
D 드라마,D1_sorrow,슬픔/애도/진혼곡,Kai Engel - It's Only Mourning - Music,Kai Engel,vhu82cXudao,https://www.youtube.com/watch?v=vhu82cXudao,CC BY 4.0,https://www.kai-engel.com/,175,4,channel
D 드라마,D1_sorrow,슬픔/애도/진혼곡,悲しみに寄り添うオルゴール曲 Moment オルゴールバージョン,H/MIX GALLERY (秋山裕和),9e3a4VFXvU0,https://www.youtube.com/watch?v=9e3a4VFXvU0,Free with attribution (hmix.net terms),http://www.hmix.net/,170,4,channel
D 드라마,D1_sorrow,슬픔/애도/진혼곡,❰Chillhop❱ Sappheiros - Sorrow,Sappheiros,3pBT0uVBLaA,https://www.youtube.com/watch?v=3pBT0uVBLaA,CC BY 3.0,https://soundcloud.com/sappheirosmusic,136,4,channel
D 드라마,D1_sorrow,슬픔/애도/진혼곡,Sergey Cheremisinov - Forest Wears a Funeral Coat,Sergey Cheremisinov,2wvlZv49KoY,https://www.youtube.com/watch?v=2wvlZv49KoY,CC BY 4.0,https://www.cheremisinov.com/,126,4,channel
D 드라마,D1_sorrow,슬픔/애도/진혼곡,Meydän - Hävor's Lament,Meydän,gmF6Z9ibPB8,https://www.youtube.com/watch?v=gmF6Z9ibPB8,CC BY 4.0,https://meydan.bandcamp.com/,124,4,channel
D 드라마,D1_sorrow,슬픔/애도/진혼곡,Sad Marimba Planet,Lee Rosevere,QtEa6wLfohU,https://www.youtube.com/watch?v=QtEa6wLfohU,CC BY 4.0,https://leerosevere.bandcamp.com/,105,4,channel
D 드라마,D1_sorrow,슬픔/애도/진혼곡,ループ -寂しい 回想 哀愁BGM by hitoshi /,Senses Circuit,IxyDUpeWT_k,https://www.youtube.com/watch?v=IxyDUpeWT_k,Free with attribution (senses-circuit.com),https://www.senses-circuit.com/,101,4,channel
D 드라마,D1_sorrow,슬픔/애도/진혼곡,The Bog of Despair,Eric Matyas (Soundimage.org),2DwTyE-GksI,https://www.youtube.com/watch?v=2DwTyE-GksI,Free with attribution,https://soundimage.org/,84,3,channel
D 드라마,D1_sorrow,슬픔/애도/진혼곡,優しいピアノ・オルゴール・ギターソロ Gentle_Theme,PeriTune,qiTRC_cAbLY,https://www.youtube.com/watch?v=qiTRC_cAbLY,CC BY 4.0,https://peritune.com/,400,5,channel
D 드라마,D1_sorrow,슬픔/애도/진혼곡,Sad Piano Background Song (Royalty Free/Copyright Free),Alexander Nakarada,WvTUR1imE2o,https://www.youtube.com/watch?v=WvTUR1imE2o,CC BY 4.0,https://www.creatorchords.com/,355,5,channel
D 드라마,D1_sorrow,슬픔/애도/진혼곡,"""Sad City Fantasy"" Emotional RPG Game Music",HeatleyBros,OoXdoSQCyZY,https://www.youtube.com/watch?v=OoXdoSQCyZY,Free with attribution,https://www.heatleybros.com/,136,4,channel
D 드라마,D1_sorrow,슬픔/애도/진혼곡,Sad Celtic Music - Selkies of Arctic Isle,Derek & Brandon Fiechter,xJBlfyqC_5E,https://www.youtube.com/watch?v=xJBlfyqC_5E,Free with attribution (non-commercial),https://www.youtube.com/@Fiechters,235,4,channel
D 드라마,D1_sorrow,슬픔/애도/진혼곡,Decline,Kevin MacLeod,R8mUyY3i4As,https://www.youtube.com/watch?v=R8mUyY3i4As,CC BY 4.0,https://incompetech.com/,207,5,incompetech
D 드라마,D1_sorrow,슬픔/애도/진혼곡,Battle Cry feat. Sodie - Rock/Fantasy Music,Vindsvept,TDgi92cO3HI,https://www.youtube.com/watch?v=TDgi92cO3HI,Free with attribution (non-commercial),https://vindsvept.bandcamp.com/,231,4,channel
D 드라마,D1_sorrow,슬픔/애도/진혼곡,"Free Sad Piano and Strings ""I Was Always Right Here""",Darren Curtis,BQhtLOHc7qk,https://www.youtube.com/watch?v=BQhtLOHc7qk,Free with attribution,https://www.darrencurtismusic.com/,159,5,channel
D 드라마,D1_sorrow,슬픔/애도/진혼곡,Sad Bossa /,MusMus,8fbvI38gVJQ,https://www.youtube.com/watch?v=8fbvI38gVJQ,Free with attribution (musmus.main.jp),https://musmus.main.jp/,139,4,channel
D 드라마,D1_sorrow,슬픔/애도/진혼곡,♩♫ Sad and Emotional Music ♪♬ - I'm Coming Back (Copyright and Royalty Free),Ross Bugden,HhqdQZGJJXU,https://www.youtube.com/watch?v=HhqdQZGJJXU,Free with attribution,https://www.youtube.com/@RossBugden,185,4,channel
D 드라마,D1_sorrow,슬픔/애도/진혼곡,Tragic Mistake,Tim Beek,umif3HXBPqE,https://www.youtube.com/watch?v=umif3HXBPqE,Free with attribution (timbeek.com),https://timbeek.com/,139,4,channel
D 드라마,D1_sorrow,슬픔/애도/진혼곡,12- Lamentation- Alpha hydrae,Loyalty Freak Music / Komiku,rb0OqQC-r8U,https://www.youtube.com/watch?v=rb0OqQC-r8U,CC0,https://loyaltyfreakmusic.com/,469,4,channel
D 드라마,D1_sorrow,슬픔/애도/진혼곡,crying again ベースバージョン,魔王魂 (森田交一),Z0Hq8dcC9oQ,https://www.youtube.com/watch?v=Z0Hq8dcC9oQ,Free with attribution (maou.audio terms),https://maou.audio/,324,4,channel
D 드라마,D1_sorrow,슬픔/애도/진혼곡,Death Mirror (Requiem),Nihilore,-_yyHnU_xbo,https://www.youtube.com/watch?v=-_yyHnU_xbo,CC BY 4.0,https://www.nihilore.com/,330,4,channel
D 드라마,D1_sorrow,슬픔/애도/진혼곡,'Tears of a Distant Sun' Epic Cinematic Cue,Scott Buckley,GGLayVgISLk,https://www.youtube.com/watch?v=GGLayVgISLk,CC BY 4.0,https://www.scottbuckley.com.au/,216,4,channel
D 드라마,D2_memory,이별/회상/향수,Anonymous420 - Nostalgia,Loyalty Freak Music / Komiku,Ov3ytjBb9fw,https://www.youtube.com/watch?v=Ov3ytjBb9fw,CC0,https://loyaltyfreakmusic.com/,1302,5,channel
D 드라마,D2_memory,이별/회상/향수,Koichi Morita - Nostalgia,魔王魂 (森田交一),biiUxmnj2Bg,https://www.youtube.com/watch?v=biiUxmnj2Bg,Free with attribution (maou.audio terms),https://maou.audio/,433,5,channel
D 드라마,D2_memory,이별/회상/향수,Let's Make a Memory,Nihilore,LZT_CmbAB1E,https://www.youtube.com/watch?v=LZT_CmbAB1E,CC BY 4.0,https://www.nihilore.com/,371,5,channel
D 드라마,D2_memory,이별/회상/향수,Sappheiros - Reflection (Copyright & Royalty Free),Sappheiros,8DXx5SpC2sA,https://www.youtube.com/watch?v=8DXx5SpC2sA,CC BY 3.0,https://soundcloud.com/sappheirosmusic,337,5,channel
D 드라마,D2_memory,이별/회상/향수,Hävor Memories,Meydän,NUlVzNkTzBI,https://www.youtube.com/watch?v=NUlVzNkTzBI,CC BY 4.0,https://meydan.bandcamp.com/,332,5,channel
D 드라마,D2_memory,이별/회상/향수,'Memories of Stone' Ambient Cinematic,Scott Buckley,zmCgf2dnf60,https://www.youtube.com/watch?v=zmCgf2dnf60,CC BY 4.0,https://www.scottbuckley.com.au/,331,5,channel
D 드라마,D2_memory,이별/회상/향수,Cloudbreak Memories,DOVA-SYNDROME (official),f1M6tNm1AwI,https://www.youtube.com/watch?v=f1M6tNm1AwI,Free (DOVA-SYNDROME license),https://dova-s.jp/,315,5,channel
D 드라마,D2_memory,이별/회상/향수,優しくノスタルジックな曲 Nostalgic,PeriTune,z5Gg2tCIoPc,https://www.youtube.com/watch?v=z5Gg2tCIoPc,CC BY 4.0,https://peritune.com/,302,5,channel
D 드라마,D2_memory,이별/회상/향수,Memories - Synthwave/Synthpop,TeknoAXE,KWaU6W0BzT0,https://www.youtube.com/watch?v=KWaU6W0BzT0,CC BY 4.0,https://teknoaxe.com/,274,5,channel
D 드라마,D2_memory,이별/회상/향수,ループ -家族 愛 思い出BGM by hitoshi /,Senses Circuit,x6t2w3IUllk,https://www.youtube.com/watch?v=x6t2w3IUllk,Free with attribution (senses-circuit.com),https://www.senses-circuit.com/,241,5,channel
D 드라마,D2_memory,이별/회상/향수,Scottish Orchestral → The Parting Glass (Royalty ),Alexander Nakarada,k0tpenMqA90,https://www.youtube.com/watch?v=k0tpenMqA90,CC BY 4.0,https://www.creatorchords.com/,224,5,channel
D 드라마,D2_memory,이별/회상/향수,Piano/Ambient Music - - Pieces of a Memory,Vindsvept,1cmStI2tByE,https://www.youtube.com/watch?v=1cmStI2tByE,Free with attribution (non-commercial),https://vindsvept.bandcamp.com/,220,5,channel
D 드라마,D2_memory,이별/회상/향수,Kai Engel - Memories - Music,Kai Engel,L-g6C5jEnjk,https://www.youtube.com/watch?v=L-g6C5jEnjk,CC BY 4.0,https://www.kai-engel.com/,217,5,channel
D 드라마,D2_memory,이별/회상/향수,Punch Deck - Nostalgia,Punch Deck,31kq-oxNISo,https://www.youtube.com/watch?v=31kq-oxNISo,CC BY 4.0,https://punchdeck.bandcamp.com/,211,5,channel
D 드라마,D2_memory,이별/회상/향수,LoFi / Nostalgia /,MusMus,tvsBfagpKTA,https://www.youtube.com/watch?v=tvsBfagpKTA,Free with attribution (musmus.main.jp),https://musmus.main.jp/,200,5,channel
D 드라마,D2_memory,이별/회상/향수,Nostalgic Music - Grandma's Cottage,Derek & Brandon Fiechter,0yKyBL45Rhs,https://www.youtube.com/watch?v=0yKyBL45Rhs,Free with attribution (non-commercial),https://www.youtube.com/@Fiechters,191,5,channel
D 드라마,D2_memory,이별/회상/향수,"""Dreams Of Childhood!"" Calm Chill Hip Hop Beat",HeatleyBros,-ewIt4v_hjw,https://www.youtube.com/watch?v=-ewIt4v_hjw,Free with attribution,https://www.heatleybros.com/,189,5,channel
D 드라마,D2_memory,이별/회상/향수,"Free Dark Reflective Music Piano and Cello ""Dusty Memories""",Darren Curtis,F0k_5H7_OT4,https://www.youtube.com/watch?v=F0k_5H7_OT4,Free with attribution,https://www.darrencurtismusic.com/,188,5,channel
D 드라마,D2_memory,이별/회상/향수,PANICPUMPKIN No.212 えいがのらくじつ,PANICPUMPKIN (みそか),sx3ieXZA8ng,https://www.youtube.com/watch?v=sx3ieXZA8ng,Free with attribution (panicpumpkin terms),https://pansound.com/panicpumpkin/,164,5,channel
D 드라마,D2_memory,이별/회상/향수,"Feelings, memories, dreams",Lee Rosevere,pWnbavuYwmU,https://www.youtube.com/watch?v=pWnbavuYwmU,CC BY 4.0,https://leerosevere.bandcamp.com/,147,5,channel
D 드라마,D2_memory,이별/회상/향수,301: Memories - Aaron Krogh,Aaron Krogh,HIYMKQREWJg,https://www.youtube.com/watch?v=HIYMKQREWJg,Free with attribution,https://soundcloud.com/aaron-anderson-11,121,5,channel
D 드라마,D2_memory,이별/회상/향수,Bitter Sweet Goodbye,Eric Matyas (Soundimage.org),cRel3RFdjzM,https://www.youtube.com/watch?v=cRel3RFdjzM,Free with attribution,https://soundimage.org/,110,5,channel
D 드라마,D2_memory,이별/회상/향수,Alexandr Zhelanov - Full of memories FREE TO USE,Alexandr Zhelanov,sCzNoLXPVUo,https://www.youtube.com/watch?v=sCzNoLXPVUo,CC BY 3.0/4.0,https://soundcloud.com/alexandr-zhelanov,86,4,channel
D 드라마,D2_memory,이별/회상/향수,Anti-Nostalgia,Nihilore,ckzCTn5YKuA,https://www.youtube.com/watch?v=ckzCTn5YKuA,CC BY 4.0,https://www.nihilore.com/,285,5,channel
D 드라마,D2_memory,이별/회상/향수,❰Chillstep❱ Sappheiros - Memories,Sappheiros,zaduztRKacY,https://www.youtube.com/watch?v=zaduztRKacY,CC BY 3.0,https://soundcloud.com/sappheirosmusic,316,5,channel
D 드라마,D2_memory,이별/회상/향수,Meydän - Sudden Memories Of A Blueberry Comet,Meydän,iMWk7fvP9Ao,https://www.youtube.com/watch?v=iMWk7fvP9Ao,CC BY 4.0,https://meydan.bandcamp.com/,107,5,channel
D 드라마,D2_memory,이별/회상/향수,'Echoes Of Home' Nostalgic Orchestral,Scott Buckley,MsajW80n-2o,https://www.youtube.com/watch?v=MsajW80n-2o,CC BY 4.0,https://www.scottbuckley.com.au/,292,5,channel
D 드라마,D2_memory,이별/회상/향수,思い出の欠片,DOVA-SYNDROME (official),M3qL88y6xew,https://www.youtube.com/watch?v=M3qL88y6xew,Free (DOVA-SYNDROME license),https://dova-s.jp/,251,5,channel
D 드라마,D2_memory,이별/회상/향수,ピアノと弦の懐かしく切ない曲 Memories,PeriTune,DaJiwYeeLhg,https://www.youtube.com/watch?v=DaJiwYeeLhg,CC BY 4.0,https://peritune.com/,239,5,channel
D 드라마,D2_memory,이별/회상/향수,Not So Distant Past - Chiptune/8-bit,TeknoAXE,isgSq_qGw5w,https://www.youtube.com/watch?v=isgSq_qGw5w,CC BY 4.0,https://teknoaxe.com/,221,5,channel
D 드라마,D2_memory,이별/회상/향수,Memory by hitoshi /,Senses Circuit,JnFAxyBrDLc,https://www.youtube.com/watch?v=JnFAxyBrDLc,Free with attribution (senses-circuit.com),https://www.senses-circuit.com/,155,5,channel
D 드라마,D2_memory,이별/회상/향수,The Parting Glass - Royalty Free Vocal,Alexander Nakarada,XL5ckMf6V5Y,https://www.youtube.com/watch?v=XL5ckMf6V5Y,CC BY 4.0,https://www.creatorchords.com/,218,5,channel
D 드라마,D2_memory,이별/회상/향수,"Free Dramatic ""Journey's Reflection"" Film Soundtrack",Darren Curtis,NNJIzjkJBuY,https://www.youtube.com/watch?v=NNJIzjkJBuY,Free with attribution,https://www.darrencurtismusic.com/,182,5,channel
D 드라마,D2_memory,이별/회상/향수,PANICPUMPKIN No.162 あまかぜのあいか,PANICPUMPKIN (みそか),cmtWiJffYUI,https://www.youtube.com/watch?v=cmtWiJffYUI,Free with attribution (panicpumpkin terms),https://pansound.com/panicpumpkin/,159,5,channel
D 드라마,D2_memory,이별/회상/향수,Lee Rose e - Memories,Lee Rosevere,MEMa-nBupHM,https://www.youtube.com/watch?v=MEMa-nBupHM,CC BY 4.0,https://leerosevere.bandcamp.com/,58,3,channel
D 드라마,D2_memory,이별/회상/향수,Bitter Sweet Goodbye,Eric Matyas (Soundimage.org),-_vvuNYGU8E,https://www.youtube.com/watch?v=-_vvuNYGU8E,Free with attribution,https://soundimage.org/,97,4,channel
D 드라마,D2_memory,이별/회상/향수,❰Chillstep❱ Sappheiros - Memories (Remake),Sappheiros,HBtJ5S7zXs4,https://www.youtube.com/watch?v=HBtJ5S7zXs4,CC BY 3.0,https://soundcloud.com/sappheirosmusic,266,5,channel
D 드라마,D2_memory,이별/회상/향수,'Amberlight' Nostalgic,Scott Buckley,Zc2HSmbe__Y,https://www.youtube.com/watch?v=Zc2HSmbe__Y,CC BY 4.0,https://www.scottbuckley.com.au/,283,5,channel
D 드라마,D2_memory,이별/회상/향수,思い出の残り香,DOVA-SYNDROME (official),PkVZruUJQzI,https://www.youtube.com/watch?v=PkVZruUJQzI,Free (DOVA-SYNDROME license),https://dova-s.jp/,221,5,channel
D 드라마,D2_memory,이별/회상/향수,昔話・民話・まったり和風曲 Otogi2,PeriTune,AZSghOpzPro,https://www.youtube.com/watch?v=AZSghOpzPro,CC BY 4.0,https://peritune.com/,108,5,channel
D 드라마,D3_love,사랑/애정,In Flight's Embrace - Draconia OST - Ambient Fantasy Music,Vindsvept,D8NJ_U9smJg,https://www.youtube.com/watch?v=D8NJ_U9smJg,Free with attribution (non-commercial),https://vindsvept.bandcamp.com/,274,5,channel
D 드라마,D3_love,사랑/애정,Valentine's Day Soft Emotional Orchestral Music,Darren Curtis,W9jPC1kjwMk,https://www.youtube.com/watch?v=W9jPC1kjwMk,Free with attribution,https://www.darrencurtismusic.com/,257,5,channel
D 드라마,D3_love,사랑/애정,Love Grows Stronger! Relaxing Game Pop,HeatleyBros,gA5VPTDOwz8,https://www.youtube.com/watch?v=gA5VPTDOwz8,Free with attribution,https://www.heatleybros.com/,218,5,channel
D 드라마,D3_love,사랑/애정,Acoustic & Ballad → Caribbean Wedding (Royalty ),Alexander Nakarada,y2nBKMr7Wj8,https://www.youtube.com/watch?v=y2nBKMr7Wj8,CC BY 4.0,https://www.creatorchords.com/,213,5,channel
D 드라마,D3_love,사랑/애정,What Is Love,Kevin MacLeod,sz8jXQxPo5s,https://www.youtube.com/watch?v=sz8jXQxPo5s,CC BY 4.0,https://incompetech.com/,208,5,incompetech
D 드라마,D3_love,사랑/애정,Gothic Anime Piano Music - Gothic Bride,Derek & Brandon Fiechter,azNQ4xxb64s,https://www.youtube.com/watch?v=azNQ4xxb64s,Free with attribution (non-commercial),https://www.youtube.com/@Fiechters,206,5,channel
D 드라마,D3_love,사랑/애정,80s Sci Fi Romance - Synthwave/Chill,TeknoAXE,gBY1zPeIDDg,https://www.youtube.com/watch?v=gBY1zPeIDDg,CC BY 4.0,https://teknoaxe.com/,195,5,channel
D 드라마,D3_love,사랑/애정,Muted Heart / ゆったりブラスJazz,MusMus,S9OofzebHno,https://www.youtube.com/watch?v=S9OofzebHno,Free with attribution (musmus.main.jp),https://musmus.main.jp/,125,5,channel
D 드라마,D3_love,사랑/애정,Rrrrrose Azerty - a wave my heart cannot take,Loyalty Freak Music / Komiku,Rg2w1H45J20,https://www.youtube.com/watch?v=Rg2w1H45J20,CC0,https://loyaltyfreakmusic.com/,1568,4,channel
D 드라마,D3_love,사랑/애정,Support Me In This Moment That I'm About To Lose Heart,Nihilore,sxVzblVfHHY,https://www.youtube.com/watch?v=sxVzblVfHHY,CC BY 4.0,https://www.nihilore.com/,464,4,channel
D 드라마,D3_love,사랑/애정,hide your heart from the album Stationary s,Lee Rosevere,JOvOQuruD8I,https://www.youtube.com/watch?v=JOvOQuruD8I,CC BY 4.0,https://leerosevere.bandcamp.com/,355,4,channel
D 드라마,D3_love,사랑/애정,Koichi Morita - Purgatory Serenade (Rengoku Serenade),魔王魂 (森田交一),o0iSaXZkt4Q,https://www.youtube.com/watch?v=o0iSaXZkt4Q,Free with attribution (maou.audio terms),https://maou.audio/,326,4,channel
D 드라마,D3_love,사랑/애정,ループ -シタール アラブ 民族BGM by hitoshi /,Senses Circuit,HVZQ2uacOuI,https://www.youtube.com/watch?v=HVZQ2uacOuI,Free with attribution (senses-circuit.com),https://www.senses-circuit.com/,321,4,channel
D 드라마,D3_love,사랑/애정,"Detective / Romantic Mystery BGM ""Mystery_Detective""",PeriTune,iZji1SLIj9o,https://www.youtube.com/watch?v=iZji1SLIj9o,CC BY 4.0,https://peritune.com/,297,4,channel
D 드라마,D3_love,사랑/애정,Lady GaGa - Bad Romance (Rock ) by Matthew Pablo,Matthew Pablo,4spUTrj2QnQ,https://www.youtube.com/watch?v=4spUTrj2QnQ,CC BY 3.0,https://matthewpablo.com/,295,4,channel
D 드라마,D3_love,사랑/애정,Alexandr Zhelanov - Rider of Love (FREE TO USE),Alexandr Zhelanov,_eDlPSChLVU,https://www.youtube.com/watch?v=_eDlPSChLVU,CC BY 3.0/4.0,https://soundcloud.com/alexandr-zhelanov,289,4,channel
D 드라마,D3_love,사랑/애정,"Chris Zabriskie - ""There Are Many Different Kinds of Love""",Chris Zabriskie,VXS9PFJuzUA,https://www.youtube.com/watch?v=VXS9PFJuzUA,CC BY 4.0,https://chriszabriskie.com/,281,4,channel
D 드라마,D3_love,사랑/애정,❰Chillout❱ Sappheiros - Embrace,Sappheiros,Prw2KXmXUA0,https://www.youtube.com/watch?v=Prw2KXmXUA0,CC BY 3.0,https://soundcloud.com/sappheirosmusic,277,4,channel
D 드라마,D3_love,사랑/애정,Romantic Chocolates,DOVA-SYNDROME (official),zD_AQ3j9cdE,https://www.youtube.com/watch?v=zD_AQ3j9cdE,Free (DOVA-SYNDROME license),https://dova-s.jp/,251,4,channel
D 드라마,D3_love,사랑/애정,"For Those Who Love Spreadsheets - 2HTC, Season 24",Ben Burnes (Abstraction),NkX0O5qpc48,https://www.youtube.com/watch?v=NkX0O5qpc48,Free with attribution,https://abstractionmusic.com/,221,4,channel
D 드라마,D3_love,사랑/애정,148-B: Bittersweet Affection ( ) - Aaron Krogh,Aaron Krogh,sOKCy8UmcXw,https://www.youtube.com/watch?v=sOKCy8UmcXw,Free with attribution,https://soundcloud.com/aaron-anderson-11,194,4,channel
D 드라마,D3_love,사랑/애정,Kai Engel - Rainfall Serenade - Music,Kai Engel,mzrGQYC7lDg,https://www.youtube.com/watch?v=mzrGQYC7lDg,CC BY 4.0,https://www.kai-engel.com/,187,4,channel
D 드라마,D3_love,사랑/애정,'Love Conquers' Uplifting Orchestral Cue,Scott Buckley,cVLlm--v7EQ,https://www.youtube.com/watch?v=cVLlm--v7EQ,CC BY 4.0,https://www.scottbuckley.com.au/,186,4,channel
D 드라마,D3_love,사랑/애정,Sergey Cheremisinov - True Love (Single 2018),Sergey Cheremisinov,rFp1RNeYAcY,https://www.youtube.com/watch?v=rFp1RNeYAcY,CC BY 4.0,https://www.cheremisinov.com/,140,4,channel
D 드라마,D3_love,사랑/애정,Música Sin Copyright - Kiss And Goodbye,Patrick de Arteaga,yL5KFdXGr9k,https://www.youtube.com/watch?v=yL5KFdXGr9k,CC BY 4.0,https://patrickdearteaga.com/,126,4,channel
D 드라마,D3_love,사랑/애정,Romantic Lands Beckon,Eric Matyas (Soundimage.org),ggVRfCoOamI,https://www.youtube.com/watch?v=ggVRfCoOamI,Free with attribution,https://soundimage.org/,122,4,channel
D 드라마,D3_love,사랑/애정,Lovely Valentine's Day Song: Red Rose,Tim Beek,FAahhxVA7hs,https://www.youtube.com/watch?v=FAahhxVA7hs,Free with attribution (timbeek.com),https://timbeek.com/,106,4,channel
D 드라마,D3_love,사랑/애정,A Heart of Coal Hollow Island OST Dungeon theme,Vindsvept,lAdt3ZpAd1Q,https://www.youtube.com/watch?v=lAdt3ZpAd1Q,Free with attribution (non-commercial),https://vindsvept.bandcamp.com/,305,4,channel
D 드라마,D3_love,사랑/애정,"Emotional Orchestral Theme ""Tender Heart"" Royalty Free Love Music",Darren Curtis,t-txZHFUQT4,https://www.youtube.com/watch?v=t-txZHFUQT4,Free with attribution,https://www.darrencurtismusic.com/,256,4,channel
D 드라마,D3_love,사랑/애정,"""HEART POWER!"" Uplifting 8 Bit Game Music",HeatleyBros,gHhHbhxSqH8,https://www.youtube.com/watch?v=gHhHbhxSqH8,Free with attribution,https://www.heatleybros.com/,348,4,channel
D 드라마,D3_love,사랑/애정,FROM HEAD TO TIMELINE - A LOVE STORY,Alexander Nakarada,AUvnXHPWRQs,https://www.youtube.com/watch?v=AUvnXHPWRQs,CC BY 4.0,https://www.creatorchords.com/,681,4,channel
D 드라마,D3_love,사랑/애정,Equatorial Complex,Kevin MacLeod,IXVLVUI7PQE,https://www.youtube.com/watch?v=IXVLVUI7PQE,CC BY 4.0,https://incompetech.com/,180,5,incompetech
D 드라마,D3_love,사랑/애정,Gothic Piano Music – Gothic Wedding,Derek & Brandon Fiechter,4PVmCUytHPw,https://www.youtube.com/watch?v=4PVmCUytHPw,Free with attribution (non-commercial),https://www.youtube.com/@Fiechters,188,5,channel
D 드라마,D3_love,사랑/애정,"I Love You, But I Hate You /",MusMus,dSxAF0U0sHI,https://www.youtube.com/watch?v=dSxAF0U0sHI,Free with attribution (musmus.main.jp),https://musmus.main.jp/,201,4,channel
D 드라마,D3_love,사랑/애정,Alpha Hydrae- I love fruits,Loyalty Freak Music / Komiku,RieVqaEJCEQ,https://www.youtube.com/watch?v=RieVqaEJCEQ,CC0,https://loyaltyfreakmusic.com/,249,4,channel
D 드라마,D3_love,사랑/애정,Hearts and Minds,Nihilore,w0FqrH0hGQ0,https://www.youtube.com/watch?v=w0FqrH0hGQ0,CC BY 4.0,https://www.nihilore.com/,263,4,channel
D 드라마,D3_love,사랑/애정,Brandon Howard Roy - Give Me Love Lee Rose e remix,Lee Rosevere,JRVFFhLflE8,https://www.youtube.com/watch?v=JRVFFhLflE8,CC BY 4.0,https://leerosevere.bandcamp.com/,288,4,channel
D 드라마,D3_love,사랑/애정,Koichi Morita - Burning Heart,魔王魂 (森田交一),jq6n59oyqpU,https://www.youtube.com/watch?v=jq6n59oyqpU,Free with attribution (maou.audio terms),https://maou.audio/,317,4,channel
D 드라마,D3_love,사랑/애정,恋のラビリンス by hitoshi /,Senses Circuit,YNDzGloLzuQ,https://www.youtube.com/watch?v=YNDzGloLzuQ,Free with attribution (senses-circuit.com),https://www.senses-circuit.com/,100,4,channel
D 드라마,D3_love,사랑/애정,❰Future Bass❱ Sappheiros - Affection,Sappheiros,S-EjWSh5Suo,https://www.youtube.com/watch?v=S-EjWSh5Suo,CC BY 3.0,https://soundcloud.com/sappheirosmusic,229,4,channel
D 드라마,D4_hope,희망/재기/출발,Loyalty Freak Music - TO CHILL AND STAY AWAKE,Loyalty Freak Music / Komiku,JOw_pzhBIoM,https://www.youtube.com/watch?v=JOw_pzhBIoM,CC0,https://loyaltyfreakmusic.com/,1633,5,channel
D 드라마,D4_hope,희망/재기/출발,Vox Humana by Relax Moods - Relaxing Ambient uplifting female vocals,cynicmusic (Alex Smith),Oy_bQqLuG7g,https://www.youtube.com/watch?v=Oy_bQqLuG7g,CC0 / CC BY,https://cynicmusic.com/,502,5,channel
D 드라마,D4_hope,희망/재기/출발,'Aurora' Uplifting Ambient Neoclassical,Scott Buckley,pJotIcAiCjs,https://www.youtube.com/watch?v=pJotIcAiCjs,CC BY 4.0,https://www.scottbuckley.com.au/,499,5,channel
D 드라마,D4_hope,희망/재기/출발,"Beautiful and peaceful Japanese music ""Hanagoyomi2""",PeriTune,EKx03uKpAAw,https://www.youtube.com/watch?v=EKx03uKpAAw,CC BY 4.0,https://peritune.com/,482,5,channel
D 드라마,D4_hope,희망/재기/출발,Acoustic → Journey Of Hope (Royalty ),Alexander Nakarada,0JsinwzPcbc,https://www.youtube.com/watch?v=0JsinwzPcbc,CC BY 4.0,https://www.creatorchords.com/,350,5,channel
D 드라마,D4_hope,희망/재기/출발,"""8 Bit Beginning!"" Slow Chill Chiptune Game Music",HeatleyBros,ptlYSrZU_ZU,https://www.youtube.com/watch?v=ptlYSrZU_ZU,Free with attribution,https://www.heatleybros.com/,307,5,channel
D 드라마,D4_hope,희망/재기/출발,"""Inner Reflections"" Deep Inspiring Piano Strings Beat",Darren Curtis,AmvOVmRmP3k,https://www.youtube.com/watch?v=AmvOVmRmP3k,Free with attribution,https://www.darrencurtismusic.com/,238,5,channel
D 드라마,D4_hope,희망/재기/출발,Breakfast on a New Day - Chill Rock,TeknoAXE,RpZ6UyTrz9E,https://www.youtube.com/watch?v=RpZ6UyTrz9E,CC BY 4.0,https://teknoaxe.com/,200,5,channel
D 드라마,D4_hope,희망/재기/출발,Disquiet,Kevin MacLeod,fzwZqHJDc8Q,https://www.youtube.com/watch?v=fzwZqHJDc8Q,CC BY 4.0,https://incompetech.com/,185,5,incompetech
D 드라마,D4_hope,희망/재기/출발,♩♫ Emotional and Ambient Electronic Music ♪♬ - 5:54 AM (Dawn) | (Copyright and Royalty Free),Ross Bugden,ZKYP5HOjng0,https://www.youtube.com/watch?v=ZKYP5HOjng0,Free with attribution,https://www.youtube.com/@RossBugden,168,5,channel
D 드라마,D4_hope,희망/재기/출발,So Does Hope,Nihilore,QN8GKzXBkRU,https://www.youtube.com/watch?v=QN8GKzXBkRU,CC BY 4.0,https://www.nihilore.com/,627,4,channel
D 드라마,D4_hope,희망/재기/출발,"The Maker's Eden, Act 3 - E y End is a Beginning",Ben Burnes (Abstraction),JMxQFi9xy-4,https://www.youtube.com/watch?v=JMxQFi9xy-4,Free with attribution,https://abstractionmusic.com/,461,4,channel
D 드라마,D4_hope,희망/재기/출발,Light of other days - from 5 Minute Meditations Vol 9,Lee Rosevere,boMxo5mFyow,https://www.youtube.com/watch?v=boMxo5mFyow,CC BY 4.0,https://leerosevere.bandcamp.com/,301,4,channel
D 드라마,D4_hope,희망/재기/출발,❰Future Garage❱ Sappheiros - Awake,Sappheiros,q6768nhkEwo,https://www.youtube.com/watch?v=q6768nhkEwo,CC BY 3.0,https://soundcloud.com/sappheirosmusic,271,4,channel
D 드라마,D4_hope,희망/재기/출발,"Goodnight, Until Tomorrow",DOVA-SYNDROME (official),_MtvCDL0ZrA,https://www.youtube.com/watch?v=_MtvCDL0ZrA,Free (DOVA-SYNDROME license),https://dova-s.jp/,267,4,channel
D 드라마,D4_hope,희망/재기/출발,夜明けのHighway - vo.キクチマリコ,魔王魂 (森田交一),S2sGFMIVTFQ,https://www.youtube.com/watch?v=S2sGFMIVTFQ,Free with attribution (maou.audio terms),https://maou.audio/,237,4,channel
D 드라마,D4_hope,희망/재기/출발,Tropical Music – Sunrise in the Archipelago,Derek & Brandon Fiechter,Kfl-CK-3h_A,https://www.youtube.com/watch?v=Kfl-CK-3h_A,Free with attribution (non-commercial),https://www.youtube.com/@Fiechters,227,4,channel
D 드라마,D4_hope,희망/재기/출발,A Place To Call Home - Uplifting Fantasy Folk Music,Vindsvept,wO1i66e-22Y,https://www.youtube.com/watch?v=wO1i66e-22Y,Free with attribution (non-commercial),https://vindsvept.bandcamp.com/,227,4,channel
D 드라마,D4_hope,희망/재기/출발,Kai Engel - Embracing The Sunrise - Music,Kai Engel,vDLWC-YM0cI,https://www.youtube.com/watch?v=vDLWC-YM0cI,CC BY 4.0,https://www.kai-engel.com/,227,4,channel
D 드라마,D4_hope,희망/재기/출발,Punch Deck - Uplifting Corporate Hostile Takeo,Punch Deck,Cuor4z8mwC0,https://www.youtube.com/watch?v=Cuor4z8mwC0,CC BY 4.0,https://punchdeck.bandcamp.com/,200,4,channel
D 드라마,D4_hope,희망/재기/출발,ループ -流れ星・ギター・希望BGM by hitoshi /,Senses Circuit,e27VI6Tx1Yg,https://www.youtube.com/watch?v=e27VI6Tx1Yg,Free with attribution (senses-circuit.com),https://www.senses-circuit.com/,195,4,channel
D 드라마,D4_hope,희망/재기/출발,Alexandr Zhelanov - To New World (FREE TO USE),Alexandr Zhelanov,8Kouf6UyDhE,https://www.youtube.com/watch?v=8Kouf6UyDhE,CC BY 3.0/4.0,https://soundcloud.com/alexandr-zhelanov,180,4,channel
D 드라마,D4_hope,희망/재기/출발,NEW WORLD,MusMus,C5XJofdjeKY,https://www.youtube.com/watch?v=C5XJofdjeKY,Free with attribution (musmus.main.jp),https://musmus.main.jp/,153,4,channel
D 드라마,D4_hope,희망/재기/출발,"Meydän - Hope, At Last",Meydän,3dYtXD1DUAg,https://www.youtube.com/watch?v=3dYtXD1DUAg,CC BY 4.0,https://meydan.bandcamp.com/,146,4,channel
D 드라마,D4_hope,희망/재기/출발,Música Sin Copyright - Resilience,Patrick de Arteaga,kSGRItZhE48,https://www.youtube.com/watch?v=kSGRItZhE48,CC BY 4.0,https://patrickdearteaga.com/,145,4,channel
D 드라마,D4_hope,희망/재기/출발,Canyon Sunrise,Eric Matyas (Soundimage.org),MF-4TP_Y6to,https://www.youtube.com/watch?v=MF-4TP_Y6to,Free with attribution,https://soundimage.org/,120,4,channel
D 드라마,D4_hope,희망/재기/출발,Forward /,Kyatto,xA1HdQ_rNa0,https://www.youtube.com/watch?v=xA1HdQ_rNa0,Free with attribution,https://www.youtube.com/@Kyatto,119,4,channel
D 드라마,D4_hope,희망/재기/출발,Grasping hope,Tim Beek,6PtM2D2dSZ8,https://www.youtube.com/watch?v=6PtM2D2dSZ8,Free with attribution (timbeek.com),https://timbeek.com/,106,4,channel
D 드라마,D4_hope,희망/재기/출발,The Edge of Hope - EXTREME MEATPUNKS FORE : POWERED BY BLOOD OST,Visager,tYX1KNEWqWE,https://www.youtube.com/watch?v=tYX1KNEWqWE,CC BY 4.0,https://visager.bandcamp.com/,105,2,channel
D 드라마,D4_hope,희망/재기/출발,Sergey Cheremisinov - New Album Tomorrow,Sergey Cheremisinov,q3kus4EZBhI,https://www.youtube.com/watch?v=q3kus4EZBhI,CC BY 4.0,https://www.cheremisinov.com/,33,2,channel
D 드라마,D4_hope,희망/재기/출발,Monplaisir - Inspiration profonde,Loyalty Freak Music / Komiku,b6CZ8mc0CGo,https://www.youtube.com/watch?v=b6CZ8mc0CGo,CC0,https://loyaltyfreakmusic.com/,125,4,channel
D 드라마,D4_hope,희망/재기/출발,Falling (Memories of Tomorrow remix) - The Cynic Project 720p HD,cynicmusic (Alex Smith),2I-aaTedLDo,https://www.youtube.com/watch?v=2I-aaTedLDo,CC0 / CC BY,https://cynicmusic.com/,436,4,channel
D 드라마,D4_hope,희망/재기/출발,'Hymn To The Dawn' Ambient Orchestral,Scott Buckley,OYA7tLVHB20,https://www.youtube.com/watch?v=OYA7tLVHB20,CC BY 4.0,https://www.scottbuckley.com.au/,419,5,channel
D 드라마,D4_hope,희망/재기/출발,優しいケルト曲 Soft_Day2,PeriTune,jazsUbOkPZg,https://www.youtube.com/watch?v=jazsUbOkPZg,CC BY 4.0,https://peritune.com/,201,5,channel
D 드라마,D4_hope,희망/재기/출발,Colorful Keys - Royalty Free Uplifting Piano Music,Alexander Nakarada,Sm7lURcB93c,https://www.youtube.com/watch?v=Sm7lURcB93c,CC BY 4.0,https://www.creatorchords.com/,306,5,channel
D 드라마,D4_hope,희망/재기/출발,"""New Possibility!"" Calm Uplifting Game Music",HeatleyBros,eD_JtYjFAKw,https://www.youtube.com/watch?v=eD_JtYjFAKw,Free with attribution,https://www.heatleybros.com/,228,5,channel
D 드라마,D4_hope,희망/재기/출발,"Free Inspiring Dramatic Piano ""New Horizons""",Darren Curtis,4gfRHrOEs1w,https://www.youtube.com/watch?v=4gfRHrOEs1w,Free with attribution,https://www.darrencurtismusic.com/,192,5,channel
D 드라마,D4_hope,희망/재기/출발,Strike Before Dawn - Industrial/Synthwave,TeknoAXE,VFk7BGwXaJw,https://www.youtube.com/watch?v=VFk7BGwXaJw,CC BY 4.0,https://teknoaxe.com/,314,4,channel
D 드라마,D4_hope,희망/재기/출발,Adding the Sun,Kevin MacLeod,P-AdygRH3PM,https://www.youtube.com/watch?v=P-AdygRH3PM,CC BY 4.0,https://incompetech.com/,176,5,incompetech
D 드라마,D4_hope,희망/재기/출발,Dawn,Ross Bugden,3xkYWK4Dfaw,https://www.youtube.com/watch?v=3xkYWK4Dfaw,Free with attribution,https://www.youtube.com/@RossBugden,272,4,channel
D 드라마,D5_heroic,당당/영웅적 행진,Hollow Knight inspired music to study to,Bit By Bit Sound,wYfzG7bk4Ik,https://www.youtube.com/watch?v=wYfzG7bk4Ik,Free with attribution,https://bitbybitsound.com/,1332,4,channel
D 드라마,D5_heroic,당당/영웅적 행진,Sketchbook - March 2024 (CC-0 Public Domain Music),Ben Burnes (Abstraction),2i1AYOfCYBg,https://www.youtube.com/watch?v=2i1AYOfCYBg,Free with attribution,https://abstractionmusic.com/,1036,4,channel
D 드라마,D5_heroic,당당/영웅적 행진,"""Twilight_Gallop” Asian style brave orchestra",PeriTune,kTtvLO2x00Q,https://www.youtube.com/watch?v=kTtvLO2x00Q,CC BY 4.0,https://peritune.com/,913,4,channel
D 드라마,D5_heroic,당당/영웅적 행진,"Royalty Free | Epic Piano Music - ""Through the White Steppes""",Alexander Nakarada,VcyDZPFNFPQ,https://www.youtube.com/watch?v=VcyDZPFNFPQ,CC BY 4.0,https://www.creatorchords.com/,486,4,channel
D 드라마,D5_heroic,당당/영웅적 행진,Epic Wild Western Music - Cowboys and Outlaws,Derek & Brandon Fiechter,TcrGA2L0Tzc,https://www.youtube.com/watch?v=TcrGA2L0Tzc,Free with attribution (non-commercial),https://www.youtube.com/@Fiechters,474,4,channel
D 드라마,D5_heroic,당당/영웅적 행진,"'Edge of Remorse' Epic, Emotional Orchestral",Scott Buckley,otVQJPxYrmA,https://www.youtube.com/watch?v=otVQJPxYrmA,CC BY 4.0,https://www.scottbuckley.com.au/,462,4,channel
D 드라마,D5_heroic,당당/영웅적 행진,"""March Of The Fallen"" Inspiring Piano Choir Beat",Darren Curtis,5PaFboP1Aog,https://www.youtube.com/watch?v=5PaFboP1Aog,Free with attribution,https://www.darrencurtismusic.com/,335,4,channel
D 드라마,D5_heroic,당당/영웅적 행진,Fi r Music for Games | 2021 March | by Tim Beek,Tim Beek,IISKNCodApA,https://www.youtube.com/watch?v=IISKNCodApA,Free with attribution (timbeek.com),https://timbeek.com/,329,4,channel
D 드라마,D5_heroic,당당/영웅적 행진,Anthem for Tomorrow - Synthwave,TeknoAXE,2JdmOJfwe4c,https://www.youtube.com/watch?v=2JdmOJfwe4c,CC BY 4.0,https://teknoaxe.com/,301,4,channel
D 드라마,D5_heroic,당당/영웅적 행진,Heroic Demise by Matthew Pablo Epic Orchestral Music FL Studio 10,Matthew Pablo,yRdl0ZsFLpM,https://www.youtube.com/watch?v=yRdl0ZsFLpM,CC BY 3.0,https://matthewpablo.com/,298,4,channel
D 드라마,D5_heroic,당당/영웅적 행진,Alexandr Zhelanov - Heroes not dead (FREE TO USE),Alexandr Zhelanov,qvKHXVldE-4,https://www.youtube.com/watch?v=qvKHXVldE-4,CC BY 3.0/4.0,https://soundcloud.com/alexandr-zhelanov,268,4,channel
D 드라마,D5_heroic,당당/영웅적 행진,"""And Yet, We March…"" Epic Marching Game Music",HeatleyBros,P4NtyyDeMo0,https://www.youtube.com/watch?v=P4NtyyDeMo0,Free with attribution,https://www.heatleybros.com/,267,4,channel
D 드라마,D5_heroic,당당/영웅적 행진,Emotional/Heroic Music - - Fallen,Vindsvept,CgUhgnno2e8,https://www.youtube.com/watch?v=CgUhgnno2e8,Free with attribution (non-commercial),https://vindsvept.bandcamp.com/,267,4,channel
D 드라마,D5_heroic,당당/영웅적 행진,Punch Deck - VHS Heroes,Punch Deck,6IhCiEnZhNI,https://www.youtube.com/watch?v=6IhCiEnZhNI,CC BY 4.0,https://punchdeck.bandcamp.com/,254,4,channel
D 드라마,D5_heroic,당당/영웅적 행진,♩♫ Epic and Emotional Music ♪♬ - Parallel (Copyright and Royalty Free),Ross Bugden,je9bnuIqVVc,https://www.youtube.com/watch?v=je9bnuIqVVc,Free with attribution,https://www.youtube.com/@RossBugden,233,4,channel
D 드라마,D5_heroic,당당/영웅적 행진,Kai Engel - The Price of Valor - Music,Kai Engel,FGyMAEf775E,https://www.youtube.com/watch?v=FGyMAEf775E,CC BY 4.0,https://www.kai-engel.com/,205,4,channel
D 드라마,D5_heroic,당당/영웅적 행진,Glorious Drive,DOVA-SYNDROME (official),adYPa1a0TPQ,https://www.youtube.com/watch?v=adYPa1a0TPQ,Free (DOVA-SYNDROME license),https://dova-s.jp/,173,3,channel
D 드라마,D5_heroic,당당/영웅적 행진,Heroic Intrusion (Demostración del formato MIDI),Patrick de Arteaga,j8e3_jpGH2g,https://www.youtube.com/watch?v=j8e3_jpGH2g,CC BY 4.0,https://patrickdearteaga.com/,129,3,channel
D 드라마,D5_heroic,당당/영웅적 행진,Urban Sci Fi Heroes,Eric Matyas (Soundimage.org),vhsfXQg9UKE,https://www.youtube.com/watch?v=vhsfXQg9UKE,Free with attribution,https://soundimage.org/,124,3,channel
D 드라마,D5_heroic,당당/영웅적 행진,オーケストラ20 裸足の勇者,魔王魂 (森田交一),PBLUxMZKguk,https://www.youtube.com/watch?v=PBLUxMZKguk,Free with attribution (maou.audio terms),https://maou.audio/,119,3,channel
D 드라마,D5_heroic,당당/영웅적 행진,Meydän - Becoming A Master | Cinematic Epic Orchestral,Meydän,gyiMs6snYp8,https://www.youtube.com/watch?v=gyiMs6snYp8,CC BY 4.0,https://meydan.bandcamp.com/,100,3,channel
D 드라마,D5_heroic,당당/영웅적 행진,Crusade - Heavy Industry,Kevin MacLeod,8RaUPWhdeng,https://www.youtube.com/watch?v=8RaUPWhdeng,CC BY 4.0,https://incompetech.com/,557,2,incompetech
D 드라마,D5_heroic,당당/영웅적 행진,BRAVE by hitoshi /,Senses Circuit,bLTVwOb5ue0,https://www.youtube.com/watch?v=bLTVwOb5ue0,Free with attribution (senses-circuit.com),https://www.senses-circuit.com/,95,2,channel
D 드라마,D5_heroic,당당/영웅적 행진,かぼちゃ騎士団の行進,MusMus,T2hWdGrfpME,https://www.youtube.com/watch?v=T2hWdGrfpME,Free with attribution (musmus.main.jp),https://musmus.main.jp/,72,2,channel
D 드라마,D5_heroic,당당/영웅적 행진,Hollow Knight Inspired Metroidvania Music,Bit By Bit Sound,ZiCaK3W2ryY,https://www.youtube.com/watch?v=ZiCaK3W2ryY,Free with attribution,https://bitbybitsound.com/,233,4,channel
D 드라마,D5_heroic,당당/영웅적 행진,"Chinese style heroic orchestral music ""Wuxia3""",PeriTune,hTRFpFeR_qU,https://www.youtube.com/watch?v=hTRFpFeR_qU,CC BY 4.0,https://peritune.com/,853,4,channel
D 드라마,D5_heroic,당당/영웅적 행진,Army of the Dead,Alexander Nakarada,8K2iG7GCsOQ,https://www.youtube.com/watch?v=8K2iG7GCsOQ,CC BY 4.0,https://www.creatorchords.com/,433,4,channel
D 드라마,D5_heroic,당당/영웅적 행진,Epic Native American Music - Eagle Mountain,Derek & Brandon Fiechter,LtvAR15o7Ec,https://www.youtube.com/watch?v=LtvAR15o7Ec,Free with attribution (non-commercial),https://www.youtube.com/@Fiechters,386,4,channel
D 드라마,D5_heroic,당당/영웅적 행진,'Ambush' Epic Orchestral,Scott Buckley,oPY9yJKcISw,https://www.youtube.com/watch?v=oPY9yJKcISw,CC BY 4.0,https://www.scottbuckley.com.au/,427,4,channel
D 드라마,D5_heroic,당당/영웅적 행진,"Epic Dramatic Balkan and Orchestral Hybrid Music ""Warrior's Spirit"" Patron Select Track",Darren Curtis,MCkJNC5FBxc,https://www.youtube.com/watch?v=MCkJNC5FBxc,Free with attribution,https://www.darrencurtismusic.com/,319,4,channel
D 드라마,D5_heroic,당당/영웅적 행진,Silent Heroes | By Tim Beek,Tim Beek,oIkWLHJ2vXU,https://www.youtube.com/watch?v=oIkWLHJ2vXU,Free with attribution (timbeek.com),https://timbeek.com/,91,2,channel
D 드라마,D5_heroic,당당/영웅적 행진,Epic Chiptune Journey - Eight Bit,TeknoAXE,1C7AE2FYZCM,https://www.youtube.com/watch?v=1C7AE2FYZCM,CC BY 4.0,https://teknoaxe.com/,294,4,channel
D 드라마,D5_heroic,당당/영웅적 행진,"""Beast"" Original Soundtrack Epic Film/Animation Score FL Studio 11",Matthew Pablo,NdHUPDMgVdE,https://www.youtube.com/watch?v=NdHUPDMgVdE,CC BY 3.0,https://matthewpablo.com/,260,4,channel
D 드라마,D5_heroic,당당/영웅적 행진,Alexandr Zhelanov - Brave Space Explorers FREE TO USE,Alexandr Zhelanov,60WNevieR0A,https://www.youtube.com/watch?v=60WNevieR0A,CC BY 3.0/4.0,https://soundcloud.com/alexandr-zhelanov,216,4,channel
D 드라마,D5_heroic,당당/영웅적 행진,"""8 Bit Hero!"" Epic Adventure Chiptune Game Music",HeatleyBros,Fa_9fh_vML0,https://www.youtube.com/watch?v=Fa_9fh_vML0,Free with attribution,https://www.heatleybros.com/,171,3,channel
D 드라마,D5_heroic,당당/영웅적 행진,Emotional Music - - Unsung Heroes,Vindsvept,vN0NpxPB4pc,https://www.youtube.com/watch?v=vN0NpxPB4pc,Free with attribution (non-commercial),https://vindsvept.bandcamp.com/,226,4,channel
D 드라마,D5_heroic,당당/영웅적 행진,♩♫ Epic Orchestral Music ♪♬ - Praetor (Copyright and Royalty Free),Ross Bugden,Rh-p91xd6SI,https://www.youtube.com/watch?v=Rh-p91xd6SI,Free with attribution,https://www.youtube.com/@RossBugden,198,4,channel
D 드라마,D5_heroic,당당/영웅적 행진,Kai Engel - March - Music,Kai Engel,ZwwaMoy-f7c,https://www.youtube.com/watch?v=ZwwaMoy-f7c,CC BY 4.0,https://www.kai-engel.com/,146,3,channel
D 드라마,D5_heroic,당당/영웅적 행진,LEGENDARY HEROES,DOVA-SYNDROME (official),C_1V-XiyKo8,https://www.youtube.com/watch?v=C_1V-XiyKo8,Free (DOVA-SYNDROME license),https://dova-s.jp/,161,3,channel
D 드라마,D5_heroic,당당/영웅적 행진,Young Heroes,Eric Matyas (Soundimage.org),tFj6hHk2DX8,https://www.youtube.com/watch?v=tFj6hHk2DX8,Free with attribution,https://soundimage.org/,123,3,channel
D 드라마,D6_ominous,불길/음모/서스펜스,Monplaisir - The Secret,Loyalty Freak Music / Komiku,z9Uv7ux_5pI,https://www.youtube.com/watch?v=z9Uv7ux_5pI,CC0,https://loyaltyfreakmusic.com/,1273,4,channel
D 드라마,D6_ominous,불길/음모/서스펜스,Ghost (a symphonic poem for orchestra and 3 synthesisers),Nihilore,DUjXnnlQzCY,https://www.youtube.com/watch?v=DUjXnnlQzCY,CC BY 4.0,https://www.nihilore.com/,1095,4,channel
D 드라마,D6_ominous,불길/음모/서스펜스,"Mysterious and fantastic choir ""Cold_Light"" 15min",PeriTune,SxkzsQxtW8I,https://www.youtube.com/watch?v=SxkzsQxtW8I,CC BY 4.0,https://peritune.com/,958,4,channel
D 드라마,D6_ominous,불길/음모/서스펜스,Gentle Whispering,Lee Rosevere,M3pWeEfQ-Is,https://www.youtube.com/watch?v=M3pWeEfQ-Is,CC BY 4.0,https://leerosevere.bandcamp.com/,814,4,channel
D 드라마,D6_ominous,불길/음모/서스펜스,'Incantation' 🎃 Spooky Ambient,Scott Buckley,t5gA_cHOcZk,https://www.youtube.com/watch?v=t5gA_cHOcZk,CC BY 4.0,https://www.scottbuckley.com.au/,434,4,channel
D 드라마,D6_ominous,불길/음모/서스펜스,Half Mystery,Kevin MacLeod,mbNTZW1YPvQ,https://www.youtube.com/watch?v=mbNTZW1YPvQ,CC BY 4.0,https://incompetech.com/,431,4,channel
D 드라마,D6_ominous,불길/음모/서스펜스,ループ -ホラー・ミステリー・吸血鬼BGM by hitoshi /,Senses Circuit,3gkDbOmrtFs,https://www.youtube.com/watch?v=3gkDbOmrtFs,Free with attribution (senses-circuit.com),https://www.senses-circuit.com/,395,4,channel
D 드라마,D6_ominous,불길/음모/서스펜스,Spooky Music - Magical Bestiary,Derek & Brandon Fiechter,JL_bGv6KtmI,https://www.youtube.com/watch?v=JL_bGv6KtmI,Free with attribution (non-commercial),https://www.youtube.com/@Fiechters,373,4,channel
D 드라마,D6_ominous,불길/음모/서스펜스,Burial Grounds - Soundscape/Suspense,TeknoAXE,DNU-Xf-YjeE,https://www.youtube.com/watch?v=DNU-Xf-YjeE,CC BY 4.0,https://teknoaxe.com/,360,4,channel
D 드라마,D6_ominous,불길/음모/서스펜스,"""8 Bit Nightmare"" Trippy Halloween Chiptune Game Music",HeatleyBros,A82y2wCdiX0,https://www.youtube.com/watch?v=A82y2wCdiX0,Free with attribution,https://www.heatleybros.com/,337,4,channel
D 드라마,D6_ominous,불길/음모/서스펜스,Purple Rings by The Cynic Project (Glitchy with Errors !!!) WARNING ERRORS!,cynicmusic (Alex Smith),L1yRFxcSmOY,https://www.youtube.com/watch?v=L1yRFxcSmOY,CC0 / CC BY,https://cynicmusic.com/,334,4,channel
D 드라마,D6_ominous,불길/음모/서스펜스,Kai Engel - Paranoia - Music,Kai Engel,S69RkOP4tZ4,https://www.youtube.com/watch?v=S69RkOP4tZ4,CC BY 4.0,https://www.kai-engel.com/,325,4,channel
D 드라마,D6_ominous,불길/음모/서스펜스,Horror Piano Music // Skeleton Keys,Alexander Nakarada,l7P9HN13AXA,https://www.youtube.com/watch?v=l7P9HN13AXA,CC BY 4.0,https://www.creatorchords.com/,312,4,channel
D 드라마,D6_ominous,불길/음모/서스펜스,Ogg Dark / Ominous Music Pack Preview,Eric Matyas (Soundimage.org),ukBdjAAdmkg,https://www.youtube.com/watch?v=ukBdjAAdmkg,Free with attribution,https://soundimage.org/,302,4,channel
D 드라마,D6_ominous,불길/음모/서스펜스,Chillstep | Krisu & Sappheiros - Secret Sanctuary,Sappheiros,Rr_muxPJTDY,https://www.youtube.com/watch?v=Rr_muxPJTDY,CC BY 3.0,https://soundcloud.com/sappheirosmusic,288,4,channel
D 드라마,D6_ominous,불길/음모/서스펜스,Danger To Myself And Others rap hiphop beat,Darren Curtis,Zugnv_K2xWw,https://www.youtube.com/watch?v=Zugnv_K2xWw,Free with attribution,https://www.darrencurtismusic.com/,276,4,channel
D 드라마,D6_ominous,불길/음모/서스펜스,Whispers Between Silence,DOVA-SYNDROME (official),IOahwm3gxgU,https://www.youtube.com/watch?v=IOahwm3gxgU,Free (DOVA-SYNDROME license),https://dova-s.jp/,261,4,channel
D 드라마,D6_ominous,불길/음모/서스펜스,Sergey Cheremisinov - Northern Sity's Secret - Shaman's Roar ( music),Sergey Cheremisinov,7JDxGtTefGk,https://www.youtube.com/watch?v=7JDxGtTefGk,CC BY 4.0,https://www.cheremisinov.com/,253,4,channel
D 드라마,D6_ominous,불길/음모/서스펜스,"Into the Unknown - 2HTC, Season 14",Ben Burnes (Abstraction),6MW1n6-aoWo,https://www.youtube.com/watch?v=6MW1n6-aoWo,Free with attribution,https://abstractionmusic.com/,233,4,channel
D 드라마,D6_ominous,불길/음모/서스펜스,Alexandr Zhelanov - Mystery Forest,Alexandr Zhelanov,Lp2M_sPBSWk,https://www.youtube.com/watch?v=Lp2M_sPBSWk,CC BY 3.0/4.0,https://soundcloud.com/alexandr-zhelanov,233,4,channel
D 드라마,D6_ominous,불길/음모/서스펜스,Halloween/Horror Music - - Daylight's End,Vindsvept,oMEJq7y9wRM,https://www.youtube.com/watch?v=oMEJq7y9wRM,Free with attribution (non-commercial),https://vindsvept.bandcamp.com/,231,4,channel
D 드라마,D6_ominous,불길/음모/서스펜스,怪しい民族29,魔王魂 (森田交一),0S_Of7GqMIQ,https://www.youtube.com/watch?v=0S_Of7GqMIQ,Free with attribution (maou.audio terms),https://maou.audio/,188,4,channel
D 드라마,D6_ominous,불길/음모/서스펜스,♩♫ Scary Horror Music ♪♬ - Haunted (Copyright and Royalty Free),Ross Bugden,ZOrxwqvfD2E,https://www.youtube.com/watch?v=ZOrxwqvfD2E,Free with attribution,https://www.youtube.com/@RossBugden,180,4,channel
D 드라마,D6_ominous,불길/음모/서스펜스,Tim Beek - Suspenseful Piano Mysterious Music for Media,Tim Beek,TxLQ0MAlkuo,https://www.youtube.com/watch?v=TxLQ0MAlkuo,Free with attribution (timbeek.com),https://timbeek.com/,126,4,channel
D 드라마,D6_ominous,불길/음모/서스펜스,Secret Adventure /,Kyatto,d7sLNGUfbgY,https://www.youtube.com/watch?v=d7sLNGUfbgY,Free with attribution,https://www.youtube.com/@Kyatto,178,3,channel
D 드라마,D6_ominous,불길/음모/서스펜스,ホラー・緊迫感のあるBGM 鏡の世界は眠らない,H/MIX GALLERY (秋山裕和),I8THYUDWLOs,https://www.youtube.com/watch?v=I8THYUDWLOs,Free with attribution (hmix.net terms),http://www.hmix.net/,178,3,channel
D 드라마,D6_ominous,불길/음모/서스펜스,PANICPUMPKIN No.227 えいこうへのぐんぎ,PANICPUMPKIN (みそか),lC6rQ4HReLU,https://www.youtube.com/watch?v=lC6rQ4HReLU,Free with attribution (panicpumpkin terms),https://pansound.com/panicpumpkin/,176,3,channel
D 드라마,D6_ominous,불길/음모/서스펜스,Spooky Hunt Halloween Orchestral-Rock FL Studio,Matthew Pablo,zzYV8HFVxE8,https://www.youtube.com/watch?v=zzYV8HFVxE8,CC BY 3.0,https://matthewpablo.com/,143,3,channel
D 드라마,D6_ominous,불길/음모/서스펜스,Música Sin Copyright - Child's Nightmare,Patrick de Arteaga,bxTxS51GNA4,https://www.youtube.com/watch?v=bxTxS51GNA4,CC BY 4.0,https://patrickdearteaga.com/,136,3,channel
D 드라마,D6_ominous,불길/음모/서스펜스,Eerie Mausoleum - 2,Visager,YjCl-wZAlr4,https://www.youtube.com/watch?v=YjCl-wZAlr4,CC BY 4.0,https://visager.bandcamp.com/,102,3,channel
D 드라마,D6_ominous,불길/음모/서스펜스,Ghost Recon Wildlands RX480 + R5 1600 1440p,Trevor Lentz,rI73wZ0xWGc,https://www.youtube.com/watch?v=rI73wZ0xWGc,CC BY 3.0,https://opengameart.org/users/trevor-lentz,97,2,channel
D 드라마,D6_ominous,불길/음모/서스펜스,Only If Soundtrack (Steven O'Brien) - 21. Stealth (Unused),Steven O'Brien,HVy_axyUi1c,https://www.youtube.com/watch?v=HVy_axyUi1c,CC BY 4.0,https://www.steven-obrien.net/,84,2,channel
D 드라마,D6_ominous,불길/음모/서스펜스,Alpha Hydrae- A slow with your shadow,Loyalty Freak Music / Komiku,oE3pw_WRjnc,https://www.youtube.com/watch?v=oE3pw_WRjnc,CC0,https://loyaltyfreakmusic.com/,787,4,channel
D 드라마,D6_ominous,불길/음모/서스펜스,A Dangerous Gravity,Nihilore,hwwEmf_99Yk,https://www.youtube.com/watch?v=hwwEmf_99Yk,CC BY 4.0,https://www.nihilore.com/,278,4,channel
D 드라마,D6_ominous,불길/음모/서스펜스,"Creepy Japanese-style horror BGM ""Tatari""",PeriTune,w3EEW9xswII,https://www.youtube.com/watch?v=w3EEW9xswII,CC BY 4.0,https://peritune.com/,541,4,channel
D 드라마,D6_ominous,불길/음모/서스펜스,Ghost Light,Lee Rosevere,AqTyQQOk2hQ,https://www.youtube.com/watch?v=AqTyQQOk2hQ,CC BY 4.0,https://leerosevere.bandcamp.com/,301,4,channel
D 드라마,D6_ominous,불길/음모/서스펜스,'Shadows and Dust' Cinematic Ambient,Scott Buckley,hmF5P5SgaOY,https://www.youtube.com/watch?v=hmF5P5SgaOY,CC BY 4.0,https://www.scottbuckley.com.au/,409,4,channel
D 드라마,D6_ominous,불길/음모/서스펜스,Dreams Become Real,Kevin MacLeod,XF9IHq8p3AI,https://www.youtube.com/watch?v=XF9IHq8p3AI,CC BY 4.0,https://incompetech.com/,410,4,incompetech
D 드라마,D6_ominous,불길/음모/서스펜스,ループ -ジャングル 密林 ホラーBGM /,Senses Circuit,pjnwoMHhXWU,https://www.youtube.com/watch?v=pjnwoMHhXWU,Free with attribution (senses-circuit.com),https://www.senses-circuit.com/,320,4,channel
D 드라마,D6_ominous,불길/음모/서스펜스,Spooky Music - Mystery of the Haunted Lighthouse,Derek & Brandon Fiechter,KegbbGlYpqs,https://www.youtube.com/watch?v=KegbbGlYpqs,Free with attribution (non-commercial),https://www.youtube.com/@Fiechters,256,4,channel
D 드라마,D7_villain,악역 테마,Village Consort,Kevin MacLeod,SocyXjeRQy4,https://www.youtube.com/watch?v=SocyXjeRQy4,CC BY 4.0,https://incompetech.com/,215,4,incompetech
D 드라마,D7_villain,악역 테마,"Free Dark Piano ""A Method to the Madness"" Free",Darren Curtis,yQ10tnwBrQg,https://www.youtube.com/watch?v=yQ10tnwBrQg,Free with attribution,https://www.darrencurtismusic.com/,181,4,channel
D 드라마,D7_villain,악역 테마,TV 生配信ダイジェスト雪の降るリリース記念 魔王軍結成！？ 回,魔王魂 (森田交一),GWiTatPfO_0,https://www.youtube.com/watch?v=GWiTatPfO_0,Free with attribution (maou.audio terms),https://maou.audio/,865,2,channel
D 드라마,D7_villain,악역 테마,"Chris Zabriskie - ""Underco Vampire Policeman""",Chris Zabriskie,qT36WKcbHuo,https://www.youtube.com/watch?v=qT36WKcbHuo,CC BY 4.0,https://chriszabriskie.com/,732,2,channel
D 드라마,D7_villain,악역 테마,The Moon Seems Unaffected - 04 - Dark Side,Ben Burnes (Abstraction),l6Zhk9VhcN0,https://www.youtube.com/watch?v=l6Zhk9VhcN0,Free with attribution,https://abstractionmusic.com/,400,2,channel
D 드라마,D7_villain,악역 테마,Music from 'The Witch' - Animation Vs. Minecraft Ep. 21,Scott Buckley,Q6hSCDfDl0Q,https://www.youtube.com/watch?v=Q6hSCDfDl0Q,CC BY 4.0,https://www.scottbuckley.com.au/,394,2,channel
D 드라마,D7_villain,악역 테마,道化師-feat.がくっぽいど by hitoshi /,Senses Circuit,L0z3tTH1xMM,https://www.youtube.com/watch?v=L0z3tTH1xMM,Free with attribution (senses-circuit.com),https://www.senses-circuit.com/,280,2,channel
D 드라마,D7_villain,악역 테마,狂気のホラーBGM Fear2,PeriTune,wDgroQhE224,https://www.youtube.com/watch?v=wDgroQhE224,CC BY 4.0,https://peritune.com/,263,2,channel
D 드라마,D7_villain,악역 테마,Alexandr Zhelanov - Madness Steeps (FREE TO USE),Alexandr Zhelanov,B_tLi1X5MoY,https://www.youtube.com/watch?v=B_tLi1X5MoY,CC BY 3.0/4.0,https://soundcloud.com/alexandr-zhelanov,251,2,channel
D 드라마,D7_villain,악역 테마,Necromancer - Dark Magic Music,Vindsvept,fzWfKvw2FMQ,https://www.youtube.com/watch?v=fzWfKvw2FMQ,Free with attribution (non-commercial),https://vindsvept.bandcamp.com/,250,2,channel
D 드라마,D7_villain,악역 테마,Asian Fantasy Music - Vampire Kitsune,Derek & Brandon Fiechter,BkCtEtp5nc8,https://www.youtube.com/watch?v=BkCtEtp5nc8,Free with attribution (non-commercial),https://www.youtube.com/@Fiechters,234,2,channel
D 드라마,D7_villain,악역 테마,"""8 Bit Evil!"" Royalty Free Halloween Music",HeatleyBros,sVCeqYmRwJ0,https://www.youtube.com/watch?v=sVCeqYmRwJ0,Free with attribution,https://www.heatleybros.com/,213,2,channel
D 드라마,D7_villain,악역 테마,PANICPUMPKIN No.163 くろいたくらみ,PANICPUMPKIN (みそか),p7Fq7mTNBBw,https://www.youtube.com/watch?v=p7Fq7mTNBBw,Free with attribution (panicpumpkin terms),https://pansound.com/panicpumpkin/,208,2,channel
D 드라마,D7_villain,악역 테마,Pixel Vampire,Tim Beek,eeg6nmmiFYc,https://www.youtube.com/watch?v=eeg6nmmiFYc,Free with attribution (timbeek.com),https://timbeek.com/,134,2,channel
D 드라마,D7_villain,악역 테마,Evil Technology Game Menu,Eric Matyas (Soundimage.org),_c_5-lnFCU4,https://www.youtube.com/watch?v=_c_5-lnFCU4,Free with attribution,https://soundimage.org/,125,2,channel
D 드라마,D7_villain,악역 테마,魔女っ婆タヱさん,MusMus,bJxIo_beMjg,https://www.youtube.com/watch?v=bJxIo_beMjg,Free with attribution (musmus.main.jp),https://musmus.main.jp/,107,2,channel
D 드라마,D7_villain,악역 테마,"3. ""The Enemy"" - Royalty Free Epic Game/Film Music",Alexander Nakarada,v1purxD11Fc,https://www.youtube.com/watch?v=v1purxD11Fc,CC BY 4.0,https://www.creatorchords.com/,104,2,channel
D 드라마,D7_villain,악역 테마,Night of the Vampire (Remastered) - Dubstep,TeknoAXE,h6YgutwIHYk,https://www.youtube.com/watch?v=h6YgutwIHYk,CC BY 4.0,https://teknoaxe.com/,418,1,channel
D 드라마,D7_villain,악역 테마,Scarol the Witch,Visager,EbzOk5ABcwg,https://www.youtube.com/watch?v=EbzOk5ABcwg,CC BY 4.0,https://visager.bandcamp.com/,47,1,channel
D 드라마,D7_villain,악역 테마,Too Cool,Kevin MacLeod,EbkQPR6gwOU,https://www.youtube.com/watch?v=EbkQPR6gwOU,CC BY 4.0,https://incompetech.com/,182,4,incompetech
D 드라마,D7_villain,악역 테마,"Royalty Free Dark Guitar and Piano ""The Witch's Woods"" Horror Music Theme for Black Magic! Yikes!",Darren Curtis,XaVZCTZAAvs,https://www.youtube.com/watch?v=XaVZCTZAAvs,Free with attribution,https://www.darrencurtismusic.com/,128,3,channel
D 드라마,D7_villain,악역 테마,魔王軍の日 新作グッズ情報,魔王魂 (森田交一),tkuruzo29_w,https://www.youtube.com/watch?v=tkuruzo29_w,Free with attribution (maou.audio terms),https://maou.audio/,398,2,channel
D 드라마,D7_villain,악역 테마,Beyond Good & Evil: Re-Orchestrated,Scott Buckley,-E0XwiB3M7E,https://www.youtube.com/watch?v=-E0XwiB3M7E,CC BY 4.0,https://www.scottbuckley.com.au/,292,2,channel
D 드라마,D7_villain,악역 테마,ループ -悪役登場 対峙 メタルBGM by hitoshi /,Senses Circuit,idEiA8oUxAs,https://www.youtube.com/watch?v=idEiA8oUxAs,Free with attribution (senses-circuit.com),https://www.senses-circuit.com/,366,1,channel
D 드라마,D7_villain,악역 테마,"Weird Clown Theme ""Enchanter2""",PeriTune,VEZVd619Qv0,https://www.youtube.com/watch?v=VEZVd619Qv0,CC BY 4.0,https://peritune.com/,261,2,channel
D 드라마,D7_villain,악역 테마,Alexandr Zhelanov - Demonic Onslaught FREE TO USE,Alexandr Zhelanov,BUIXrna0lI4,https://www.youtube.com/watch?v=BUIXrna0lI4,CC BY 3.0/4.0,https://soundcloud.com/alexandr-zhelanov,180,2,channel
D 드라마,D7_villain,악역 테마,Drawn Below - Dark Magic Music,Vindsvept,QBSPrYgNC5k,https://www.youtube.com/watch?v=QBSPrYgNC5k,Free with attribution (non-commercial),https://vindsvept.bandcamp.com/,246,2,channel
D 드라마,D7_villain,악역 테마,"Halloween Music - Haunted Organ | Dark, Vampire",Derek & Brandon Fiechter,N-3EEZ3hESE,https://www.youtube.com/watch?v=N-3EEZ3hESE,Free with attribution (non-commercial),https://www.youtube.com/@Fiechters,226,2,channel
D 드라마,D7_villain,악역 테마,PANICPUMPKIN No.240 よるくじごじ,PANICPUMPKIN (みそか),Q69t4ke1UQE,https://www.youtube.com/watch?v=Q69t4ke1UQE,Free with attribution (panicpumpkin terms),https://pansound.com/panicpumpkin/,183,2,channel
D 드라마,D7_villain,악역 테마,The Cultist | Dark Soundtrack for Games | By Tim Beek,Tim Beek,f-6fciVPyHA,https://www.youtube.com/watch?v=f-6fciVPyHA,Free with attribution (timbeek.com),https://timbeek.com/,59,1,channel
D 드라마,D7_villain,악역 테마,Machine Madness,Eric Matyas (Soundimage.org),M3cV9hvK3oE,https://www.youtube.com/watch?v=M3cV9hvK3oE,Free with attribution,https://soundimage.org/,98,1,channel
D 드라마,D7_villain,악역 테마,邪神,MusMus,A2o3ZRvfF_E,https://www.youtube.com/watch?v=A2o3ZRvfF_E,Free with attribution (musmus.main.jp),https://musmus.main.jp/,103,2,channel
D 드라마,D7_villain,악역 테마,Epic-melodic Metal → Devil's Hymn (Title track for upcoming album 2018),Alexander Nakarada,dOZOsD_yccI,https://www.youtube.com/watch?v=dOZOsD_yccI,CC BY 4.0,https://www.creatorchords.com/,280,1,channel
D 드라마,D7_villain,악역 테마,Grunda The Other Witch,Visager,uQZnIk4INQI,https://www.youtube.com/watch?v=uQZnIk4INQI,CC BY 4.0,https://visager.bandcamp.com/,38,1,channel
D 드라마,D7_villain,악역 테마,Unwritten Return,Kevin MacLeod,sJQ98uKT-2E,https://www.youtube.com/watch?v=sJQ98uKT-2E,CC BY 4.0,https://incompetech.com/,309,2,incompetech
D 드라마,D7_villain,악역 테마,"Free Dark Fantasy Music ""Dark Ritual"" Theme For Chants and Ritualistic Ceremonies",Darren Curtis,NmQVfW4qUfA,https://www.youtube.com/watch?v=NmQVfW4qUfA,Free with attribution,https://www.darrencurtismusic.com/,213,2,channel
D 드라마,D7_villain,악역 테마,魔王交響曲 シンフォニア第1番,魔王魂 (森田交一),QWGUX7zbIAc,https://www.youtube.com/watch?v=QWGUX7zbIAc,Free with attribution (maou.audio terms),https://maou.audio/,290,2,channel
D 드라마,D7_villain,악역 테마,'Hour Of The Witch' 🎃 Dark Cinematic Folk,Scott Buckley,lTNopjF8Y2Y,https://www.youtube.com/watch?v=lTNopjF8Y2Y,CC BY 4.0,https://www.scottbuckley.com.au/,218,2,channel
D 드라마,D7_villain,악역 테마,Shadow of the Vampire by hitoshi /,Senses Circuit,A1_zLIpV0jY,https://www.youtube.com/watch?v=A1_zLIpV0jY,Free with attribution (senses-circuit.com),https://www.senses-circuit.com/,47,1,channel
D 드라마,D7_villain,악역 테마,Alexandr Zhelanov - Against evil (FREE TO USE),Alexandr Zhelanov,eVyimp79IoA,https://www.youtube.com/watch?v=eVyimp79IoA,CC BY 3.0/4.0,https://soundcloud.com/alexandr-zhelanov,38,1,channel
D 드라마,D8_comic,코믹/유머/마스코트,"Cute fairy tale BGM “Gentle_Brew"" 15min.",PeriTune,dqmnRPvnuew,https://www.youtube.com/watch?v=dqmnRPvnuew,CC BY 4.0,https://peritune.com/,971,4,channel
D 드라마,D8_comic,코믹/유머/마스코트,楽しい・わくわく・日常 by hitoshi /,Senses Circuit,j-TzqCVA9YI,https://www.youtube.com/watch?v=j-TzqCVA9YI,Free with attribution (senses-circuit.com),https://www.senses-circuit.com/,781,4,channel
D 드라마,D8_comic,코믹/유머/마스코트,Ogg Funny Music Pack Preview,Eric Matyas (Soundimage.org),LJPXXHdUxjI,https://www.youtube.com/watch?v=LJPXXHdUxjI,Free with attribution,https://soundimage.org/,469,4,channel
D 드라마,D8_comic,코믹/유머/마스코트,'Reparateur' Quirky Indie Pop,Scott Buckley,EGxMBNCCRi4,https://www.youtube.com/watch?v=EGxMBNCCRi4,CC BY 4.0,https://www.scottbuckley.com.au/,327,4,channel
D 드라마,D8_comic,코믹/유머/마스코트,"""Happy Day!"" Fun and Playful Game Music",HeatleyBros,_whfJI_0bl0,https://www.youtube.com/watch?v=_whfJI_0bl0,Free with attribution,https://www.heatleybros.com/,311,4,channel
D 드라마,D8_comic,코믹/유머/마스코트,Wagon Wheel - Electronic,Kevin MacLeod,kfSoEMcp-EA,https://www.youtube.com/watch?v=kfSoEMcp-EA,CC BY 4.0,https://incompetech.com/,303,4,incompetech
D 드라마,D8_comic,코믹/유머/마스코트,はじめてのシンセ系曲作り - Kawaii Future Bass的な,ハヤシユウ,qqdg5Ml2dXk,https://www.youtube.com/watch?v=qqdg5Ml2dXk,Free (DOVA-SYNDROME license),https://dova-s.jp/,256,4,channel
D 드라마,D8_comic,코믹/유머/마스코트,Cannonball Quintet - Orchestra/Comedy,TeknoAXE,jfORHA8zte4,https://www.youtube.com/watch?v=jfORHA8zte4,CC BY 4.0,https://teknoaxe.com/,242,4,channel
D 드라마,D8_comic,코믹/유머/마스코트,Pirate Music - The Jolly Roger,Derek & Brandon Fiechter,_jqaPr8Vsf0,https://www.youtube.com/watch?v=_jqaPr8Vsf0,Free with attribution (non-commercial),https://www.youtube.com/@Fiechters,240,4,channel
D 드라마,D8_comic,코믹/유머/마스코트,"Felt Cute, Might Delete Later - 14 - Revel in Disaster",Ben Burnes (Abstraction),qomjUAvyNHU,https://www.youtube.com/watch?v=qomjUAvyNHU,Free with attribution,https://abstractionmusic.com/,231,4,channel
D 드라마,D8_comic,코믹/유머/마스코트,"Comedy → Bye, Bye Brain! (Royalty )",Alexander Nakarada,eAkkX4L3O7M,https://www.youtube.com/watch?v=eAkkX4L3O7M,CC BY 4.0,https://www.creatorchords.com/,222,4,channel
D 드라마,D8_comic,코믹/유머/마스코트,Curious Critters - Cute Game Music FL Studio,Matthew Pablo,FomHGnVYYPQ,https://www.youtube.com/watch?v=FomHGnVYYPQ,CC BY 3.0,https://matthewpablo.com/,217,4,channel
D 드라마,D8_comic,코믹/유머/마스코트,Fuckin Ukulele,Loyalty Freak Music / Komiku,vZlMDuDE-YE,https://www.youtube.com/watch?v=vZlMDuDE-YE,CC0,https://loyaltyfreakmusic.com/,208,4,channel
D 드라마,D8_comic,코믹/유머/마스코트,"Free Lighthearted Comedy Theme ""Lunch is Soived""",Darren Curtis,Z1tkoIobrfw,https://www.youtube.com/watch?v=Z1tkoIobrfw,Free with attribution,https://www.darrencurtismusic.com/,186,4,channel
D 드라마,D8_comic,코믹/유머/마스코트,street circus,DOVA-SYNDROME (official),DdCYkpTMshc,https://www.youtube.com/watch?v=DdCYkpTMshc,Free (DOVA-SYNDROME license),https://dova-s.jp/,176,3,channel
D 드라마,D8_comic,코믹/유머/마스코트,公式・高音質 Arukas Load ほのぼのしたBGM,H/MIX GALLERY (秋山裕和),bttOZQEMwFk,https://www.youtube.com/watch?v=bttOZQEMwFk,Free with attribution (hmix.net terms),http://www.hmix.net/,139,3,channel
D 드라마,D8_comic,코믹/유머/마스코트,PANICPUMPKIN No.249 ゆめぶくろちゃんす,PANICPUMPKIN (みそか),IjCvNed7VZ4,https://www.youtube.com/watch?v=IjCvNed7VZ4,Free with attribution (panicpumpkin terms),https://pansound.com/panicpumpkin/,134,3,channel
D 드라마,D8_comic,코믹/유머/마스코트,Silly Duck - download,Tim Beek,6fqKgYmdBmw,https://www.youtube.com/watch?v=6fqKgYmdBmw,Free with attribution (timbeek.com),https://timbeek.com/,123,3,channel
D 드라마,D8_comic,코믹/유머/마스코트,ショートBGM circus - 騒音のない世界,騒音のない世界 (Noiseless World),MDUcIrBcc7g,https://www.youtube.com/watch?v=MDUcIrBcc7g,Free with attribution,https://noiselessworld.net/,60,2,channel
D 드라마,D8_comic,코믹/유머/마스코트,"Comical Halloween Orchestra Music ""Spook5""",PeriTune,ySANjE2HEfc,https://www.youtube.com/watch?v=ySANjE2HEfc,CC BY 4.0,https://peritune.com/,351,4,channel
D 드라마,D8_comic,코믹/유머/마스코트,ループ -アコギ ボサノバ かわいいBGM by hitoshi /,Senses Circuit,v2sUcabnGZA,https://www.youtube.com/watch?v=v2sUcabnGZA,Free with attribution (senses-circuit.com),https://www.senses-circuit.com/,235,4,channel
D 드라마,D8_comic,코믹/유머/마스코트,Mischievous Monsters,Eric Matyas (Soundimage.org),J3-KwagCSdY,https://www.youtube.com/watch?v=J3-KwagCSdY,Free with attribution,https://soundimage.org/,164,3,channel
D 드라마,D8_comic,코믹/유머/마스코트,'Special Ops' Orchestral Espionage Comedy,Scott Buckley,AbxN1UrVPkU,https://www.youtube.com/watch?v=AbxN1UrVPkU,CC BY 4.0,https://www.scottbuckley.com.au/,212,4,channel
D 드라마,D8_comic,코믹/유머/마스코트,"""Coastal Market!"" Happy Polka Game Music",HeatleyBros,VnCfuqLsrco,https://www.youtube.com/watch?v=VnCfuqLsrco,Free with attribution,https://www.heatleybros.com/,227,4,channel
D 드라마,D8_comic,코믹/유머/마스코트,Wagon Wheel,Kevin MacLeod,uoyIMlOyvH8,https://www.youtube.com/watch?v=uoyIMlOyvH8,CC BY 4.0,https://incompetech.com/,303,4,incompetech
D 드라마,D8_comic,코믹/유머/마스코트,Wacky Shenanigans - Piano/Comedy,TeknoAXE,l-_azw11lS4,https://www.youtube.com/watch?v=l-_azw11lS4,CC BY 4.0,https://teknoaxe.com/,225,4,channel
D 드라마,D8_comic,코믹/유머/마스코트,Spooky Circus Music - Carnival at Grimmloth,Derek & Brandon Fiechter,QP-N_yD12ps,https://www.youtube.com/watch?v=QP-N_yD12ps,Free with attribution (non-commercial),https://www.youtube.com/@Fiechters,222,4,channel
D 드라마,D8_comic,코믹/유머/마스코트,"Felt Cute, Might Delete Later - 13 - Smokestacks",Ben Burnes (Abstraction),0yfbNkEXpGM,https://www.youtube.com/watch?v=0yfbNkEXpGM,Free with attribution,https://abstractionmusic.com/,180,4,channel
D 드라마,D8_comic,코믹/유머/마스코트,Circus Amigoville,Alexander Nakarada,uKW3AKe9vmc,https://www.youtube.com/watch?v=uKW3AKe9vmc,CC BY 4.0,https://www.creatorchords.com/,200,4,channel
D 드라마,D8_comic,코믹/유머/마스코트,Caketown by Matthew Pablo Cute/Whimsy Video Game Music FL Studio 10,Matthew Pablo,c42K_V_fkug,https://www.youtube.com/watch?v=c42K_V_fkug,CC BY 3.0,https://matthewpablo.com/,170,3,channel
D 드라마,D8_comic,코믹/유머/마스코트,Monplaisir Ukulele - Stay Quiet,Loyalty Freak Music / Komiku,KaFU076kamU,https://www.youtube.com/watch?v=KaFU076kamU,CC0,https://loyaltyfreakmusic.com/,134,4,channel
D 드라마,D8_comic,코믹/유머/마스코트,"Goofy Lighthearted Pizzicato ""Quirkasaurus""",Darren Curtis,WSaKYXG0ouI,https://www.youtube.com/watch?v=WSaKYXG0ouI,Free with attribution,https://www.darrencurtismusic.com/,135,3,channel
D 드라마,D8_comic,코믹/유머/마스코트,Bouncy Bebop Blunder,DOVA-SYNDROME (official),BNjhrrFVsx4,https://www.youtube.com/watch?v=BNjhrrFVsx4,Free (DOVA-SYNDROME license),https://dova-s.jp/,169,3,channel
D 드라마,D8_comic,코믹/유머/마스코트,かわいいオルゴールBGM 夢いっぱいの箱,H/MIX GALLERY (秋山裕和),HY2MlnJv9vk,https://www.youtube.com/watch?v=HY2MlnJv9vk,Free with attribution (hmix.net terms),http://www.hmix.net/,117,3,channel
D 드라마,D8_comic,코믹/유머/마스코트,PANICPUMPKIN No.143 もくもくもくねん,PANICPUMPKIN (みそか),oHrh_LEHIz8,https://www.youtube.com/watch?v=oHrh_LEHIz8,Free with attribution (panicpumpkin terms),https://pansound.com/panicpumpkin/,134,3,channel
D 드라마,D8_comic,코믹/유머/마스코트,Silly Billy,Tim Beek,G-_iYtCyhEM,https://www.youtube.com/watch?v=G-_iYtCyhEM,Free with attribution (timbeek.com),https://timbeek.com/,113,3,channel
D 드라마,D8_comic,코믹/유머/마스코트,ほのぼのとしたトロピカル Resort3,PeriTune,zJIYq9KIBLE,https://www.youtube.com/watch?v=zJIYq9KIBLE,CC BY 4.0,https://peritune.com/,301,4,channel
D 드라마,D8_comic,코믹/유머/마스코트,ループ -飛行 ピアノ かわいいBGM by hitoshi /,Senses Circuit,HXhqRUTV3vI,https://www.youtube.com/watch?v=HXhqRUTV3vI,Free with attribution (senses-circuit.com),https://www.senses-circuit.com/,157,4,channel
D 드라마,D8_comic,코믹/유머/마스코트,Quirky Runner,Eric Matyas (Soundimage.org),heLic_m-FPs,https://www.youtube.com/watch?v=heLic_m-FPs,Free with attribution,https://soundimage.org/,139,3,channel
D 드라마,D8_comic,코믹/유머/마스코트,Music from 'The Prank' - Animation Vs. Minecraft Ep. 34,Scott Buckley,_7NlySrntds,https://www.youtube.com/watch?v=_7NlySrntds,CC BY 4.0,https://www.scottbuckley.com.au/,185,4,channel
D 드라마,D9_mystic,신비/환상/초월,Anonymous420 - THIS IS ALL A DREAM,Loyalty Freak Music / Komiku,6NTA5cOnhOI,https://www.youtube.com/watch?v=6NTA5cOnhOI,CC0,https://loyaltyfreakmusic.com/,1377,5,channel
D 드라마,D9_mystic,신비/환상/초월,Enchanted - ambient Taylor Swift songs full ep stream,Lee Rosevere,cqqQWysoy1o,https://www.youtube.com/watch?v=cqqQWysoy1o,CC BY 4.0,https://leerosevere.bandcamp.com/,998,5,channel
D 드라마,D9_mystic,신비/환상/초월,"Chris Zabriskie - ""The Dark Glow of the Mountains""",Chris Zabriskie,jyROmElIMfs,https://www.youtube.com/watch?v=jyROmElIMfs,CC BY 4.0,https://chriszabriskie.com/,791,5,channel
D 드라마,D9_mystic,신비/환상/초월,"SynthV / Feng Yi Dark fairy tale music with coined vocals ""Gothic_Cute""",PeriTune,z4vAqyGBPq0,https://www.youtube.com/watch?v=z4vAqyGBPq0,CC BY 4.0,https://peritune.com/,527,5,channel
D 드라마,D9_mystic,신비/환상/초월,'In Search Of Solitude' Ethereal Neoclassical,Scott Buckley,XifoyWDCzB0,https://www.youtube.com/watch?v=XifoyWDCzB0,CC BY 4.0,https://www.scottbuckley.com.au/,446,5,channel
D 드라마,D9_mystic,신비/환상/초월,Ethereal Ca n - Soundscape/Synthwave,TeknoAXE,VYVqrixcurk,https://www.youtube.com/watch?v=VYVqrixcurk,CC BY 4.0,https://teknoaxe.com/,411,5,channel
D 드라마,D9_mystic,신비/환상/초월,Wonderland // Royalty Free Fantasy Ambiance Adventure Music,Alexander Nakarada,cSYYpG4BDtI,https://www.youtube.com/watch?v=cSYYpG4BDtI,CC BY 4.0,https://www.creatorchords.com/,393,5,channel
D 드라마,D9_mystic,신비/환상/초월,The Moon Seems Unaffected - 07 - Insomnia,Ben Burnes (Abstraction),d1sPzAfDqoY,https://www.youtube.com/watch?v=d1sPzAfDqoY,Free with attribution,https://abstractionmusic.com/,388,5,channel
D 드라마,D9_mystic,신비/환상/초월,Alexandr Zhelanov - Magic of North (FREE TO USE),Alexandr Zhelanov,dj4PYl5GN1I,https://www.youtube.com/watch?v=dj4PYl5GN1I,CC BY 3.0/4.0,https://soundcloud.com/alexandr-zhelanov,387,5,channel
D 드라마,D9_mystic,신비/환상/초월,After the Storm Dreams mix by The Cynic Project 720p,cynicmusic (Alex Smith),6UidIrA8EIU,https://www.youtube.com/watch?v=6UidIrA8EIU,CC0 / CC BY,https://cynicmusic.com/,381,5,channel
D 드라마,D9_mystic,신비/환상/초월,Dream Catcher,Kevin MacLeod,1-ruU5DNb8o,https://www.youtube.com/watch?v=1-ruU5DNb8o,CC BY 4.0,https://incompetech.com/,377,5,incompetech
D 드라마,D9_mystic,신비/환상/초월,All Our Dreams Were Gone,Nihilore,ef_VCASBUBo,https://www.youtube.com/watch?v=ef_VCASBUBo,CC BY 4.0,https://www.nihilore.com/,347,5,channel
D 드라마,D9_mystic,신비/환상/초월,氷龍の夢,MusMus,vau2oUR08gU,https://www.youtube.com/watch?v=vau2oUR08gU,Free with attribution (musmus.main.jp),https://musmus.main.jp/,320,5,channel
D 드라마,D9_mystic,신비/환상/초월,"""Mystic Forest!"" Magical Fantasy Game Music",HeatleyBros,sSmseFKxw1I,https://www.youtube.com/watch?v=sSmseFKxw1I,Free with attribution,https://www.heatleybros.com/,310,5,channel
D 드라마,D9_mystic,신비/환상/초월,Meydän - 08 - Contemplate the stars (Hävor album) Creative Commons,Meydän,yjEnQqXpXc8,https://www.youtube.com/watch?v=yjEnQqXpXc8,CC BY 4.0,https://meydan.bandcamp.com/,293,5,channel
D 드라마,D9_mystic,신비/환상/초월,❰Chillstep❱ Sappheiros & Almaa - Dreams,Sappheiros,A7Csu_wC91E,https://www.youtube.com/watch?v=A7Csu_wC91E,CC BY 3.0,https://soundcloud.com/sappheirosmusic,287,5,channel
D 드라마,D9_mystic,신비/환상/초월,Star Chaser (Acoustic) by Matthew Pablo,Matthew Pablo,ctBJBuCg1oE,https://www.youtube.com/watch?v=ctBJBuCg1oE,CC BY 3.0,https://matthewpablo.com/,283,5,channel
D 드라마,D9_mystic,신비/환상/초월,Koichi Morita - Shining Star,魔王魂 (森田交一),Qd01-6xVSHk,https://www.youtube.com/watch?v=Qd01-6xVSHk,Free with attribution (maou.audio terms),https://maou.audio/,282,5,channel
D 드라마,D9_mystic,신비/환상/초월,Beyond the Dreaming World - Orchestral/Fantasy Music,Vindsvept,0PoYm9HG9Po,https://www.youtube.com/watch?v=0PoYm9HG9Po,Free with attribution (non-commercial),https://vindsvept.bandcamp.com/,282,5,channel
D 드라마,D9_mystic,신비/환상/초월,"""To Wonderland"" Royalty Free Strings Beat Music",Darren Curtis,W-4BBFlli8s,https://www.youtube.com/watch?v=W-4BBFlli8s,Free with attribution,https://www.darrencurtismusic.com/,275,5,channel
D 드라마,D9_mystic,신비/환상/초월,Floating Mind,DOVA-SYNDROME (official),IyJY8ys2OH8,https://www.youtube.com/watch?v=IyJY8ys2OH8,Free (DOVA-SYNDROME license),https://dova-s.jp/,270,5,channel
D 드라마,D9_mystic,신비/환상/초월,公式・高音質 千年の追憶 幻想的BGM,H/MIX GALLERY (秋山裕和),3pPYqjR5_0s,https://www.youtube.com/watch?v=3pPYqjR5_0s,Free with attribution (hmix.net terms),http://www.hmix.net/,256,5,channel
D 드라마,D9_mystic,신비/환상/초월,Kai Engel - Highway to the Stars - Music,Kai Engel,liUWIKaxKNg,https://www.youtube.com/watch?v=liUWIKaxKNg,CC BY 4.0,https://www.kai-engel.com/,253,5,channel
D 드라마,D9_mystic,신비/환상/초월,Magical Fantasy Music - Peter Pan,Derek & Brandon Fiechter,3O_ZcQR-NYY,https://www.youtube.com/watch?v=3O_ZcQR-NYY,Free with attribution (non-commercial),https://www.youtube.com/@Fiechters,250,5,channel
D 드라마,D9_mystic,신비/환상/초월,Dreaming at Altitude,Eric Matyas (Soundimage.org),eGggBJSAxjw,https://www.youtube.com/watch?v=eGggBJSAxjw,Free with attribution,https://soundimage.org/,241,5,channel
D 드라마,D9_mystic,신비/환상/초월,Punch Deck - Dream 13 ( Mix),Punch Deck,v529vktB5WI,https://www.youtube.com/watch?v=v529vktB5WI,CC BY 4.0,https://punchdeck.bandcamp.com/,220,5,channel
D 드라마,D9_mystic,신비/환상/초월,ハヤシユウ 三月の風が吹く,ハヤシユウ,xvfHm8X5ZIg,https://www.youtube.com/watch?v=xvfHm8X5ZIg,Free (DOVA-SYNDROME license),https://dova-s.jp/,207,5,channel
D 드라마,D9_mystic,신비/환상/초월,Have a Dream /,Kyatto,e2NIjUeLoqg,https://www.youtube.com/watch?v=e2NIjUeLoqg,Free with attribution,https://www.youtube.com/@Kyatto,198,5,channel
D 드라마,D9_mystic,신비/환상/초월,Dreamy and the Cuties,Tim Beek,Zb5dne5xSYM,https://www.youtube.com/watch?v=Zb5dne5xSYM,Free with attribution (timbeek.com),https://timbeek.com/,195,5,channel
D 드라마,D9_mystic,신비/환상/초월,Música Sin Copyright - 1st Sonata – Snowy Stars,Patrick de Arteaga,eT5o66p9IOU,https://www.youtube.com/watch?v=eT5o66p9IOU,CC BY 4.0,https://patrickdearteaga.com/,195,5,channel
D 드라마,D9_mystic,신비/환상/초월,ループ -夢の中・浮遊・宇宙BGM by hitoshi /,Senses Circuit,ZZvNUmo5VSg,https://www.youtube.com/watch?v=ZZvNUmo5VSg,Free with attribution (senses-circuit.com),https://www.senses-circuit.com/,190,5,channel
D 드라마,D9_mystic,신비/환상/초월,Cassette Tape Dream / Sharou,しゃろう (Sharou),EtqP2xVE4iY,https://www.youtube.com/watch?v=EtqP2xVE4iY,Free (DOVA-SYNDROME license),https://dova-s.jp/,177,5,channel
D 드라마,D9_mystic,신비/환상/초월,Sergey Cheremisinov - Moonlight on a Drowned Face,Sergey Cheremisinov,1fVmszQqz7c,https://www.youtube.com/watch?v=1fVmszQqz7c,CC BY 4.0,https://www.cheremisinov.com/,139,5,channel
D 드라마,D9_mystic,신비/환상/초월,PANICPUMPKIN - Trailing Twilight (Tnabiku Tasogare),PANICPUMPKIN (みそか),zBmzMcRjs58,https://www.youtube.com/watch?v=zBmzMcRjs58,Free with attribution (panicpumpkin terms),https://pansound.com/panicpumpkin/,115,5,channel
D 드라마,D9_mystic,신비/환상/초월,Only If Soundtrack (Steven O'Brien) - 19. Luminous (Unused),Steven O'Brien,a73hQACZdyw,https://www.youtube.com/watch?v=a73hQACZdyw,CC BY 4.0,https://www.steven-obrien.net/,64,4,channel
D 드라마,D9_mystic,신비/환상/초월,Last Common Dream - Alpha Hydrae,Loyalty Freak Music / Komiku,sb_VF7PSFCg,https://www.youtube.com/watch?v=sb_VF7PSFCg,CC0,https://loyaltyfreakmusic.com/,254,5,channel
D 드라마,D9_mystic,신비/환상/초월,Cosmic Tingles,Lee Rosevere,edc28TyLTJU,https://www.youtube.com/watch?v=edc28TyLTJU,CC BY 4.0,https://leerosevere.bandcamp.com/,819,5,channel
D 드라마,D9_mystic,신비/환상/초월,No One In Star Wars Makes Art,Chris Zabriskie,kaTgEwv8cOM,https://www.youtube.com/watch?v=kaTgEwv8cOM,CC BY 4.0,https://chriszabriskie.com/,457,5,channel
D 드라마,D9_mystic,신비/환상/초월,"Dark fairy tale chorus ""Doppel""",PeriTune,xiEqmh7IJK8,https://www.youtube.com/watch?v=xiEqmh7IJK8,CC BY 4.0,https://peritune.com/,442,5,channel
D 드라마,D9_mystic,신비/환상/초월,'Adrift Among Infinite Stars' Minimalist Neoclassical,Scott Buckley,RXvh7jno8Hc,https://www.youtube.com/watch?v=RXvh7jno8Hc,CC BY 4.0,https://www.scottbuckley.com.au/,406,5,channel
D 드라마,D10_charthm,캐릭터 테마,30min Music The Boy who Cried Wolf - Noiseless World,騒音のない世界 (Noiseless World),7RsS-hxkqJg,https://www.youtube.com/watch?v=7RsS-hxkqJg,Free with attribution,https://noiselessworld.net/,1793,4,channel
D 드라마,D10_charthm,캐릭터 테마,Epic Pirate Music → The Purple Pirate's Magic Pirate Ship (Full Set),Alexander Nakarada,LrFcwqYKwNY,https://www.youtube.com/watch?v=LrFcwqYKwNY,CC BY 4.0,https://www.creatorchords.com/,1357,4,channel
D 드라마,D10_charthm,캐릭터 테마,Komiku - Little Cat in the Big Wide Space,Loyalty Freak Music / Komiku,ZImt09WIU8Q,https://www.youtube.com/watch?v=ZImt09WIU8Q,CC0,https://loyaltyfreakmusic.com/,1191,4,channel
D 드라마,D10_charthm,캐릭터 테마,Cat Nap - Music for Cats,Lee Rosevere,SDKjjLvivY8,https://www.youtube.com/watch?v=SDKjjLvivY8,CC BY 4.0,https://leerosevere.bandcamp.com/,301,4,channel
D 드라마,D10_charthm,캐릭터 테마,♩♫ Epic Pirate Music ♪♬ - Pirate Crew (Copyright and Royalty Free),Ross Bugden,hVBgKCYrI-c,https://www.youtube.com/watch?v=hVBgKCYrI-c,Free with attribution,https://www.youtube.com/@RossBugden,284,4,channel
D 드라마,D10_charthm,캐릭터 테마,月と狼 ベースソロ版,魔王魂 (森田交一),qR_oawbCVBQ,https://www.youtube.com/watch?v=qR_oawbCVBQ,Free with attribution (maou.audio terms),https://maou.audio/,267,4,channel
D 드라마,D10_charthm,캐릭터 테마,Fantasy Music - Gnome Prince,Derek & Brandon Fiechter,TmMimomjyeE,https://www.youtube.com/watch?v=TmMimomjyeE,Free with attribution (non-commercial),https://www.youtube.com/@Fiechters,250,4,channel
D 드라마,D10_charthm,캐릭터 테마,猫がいるから,DOVA-SYNDROME (official),fdfti1u6wyE,https://www.youtube.com/watch?v=fdfti1u6wyE,Free (DOVA-SYNDROME license),https://dova-s.jp/,245,4,channel
D 드라마,D10_charthm,캐릭터 테마,Lowly Ta n Bard V - World/Background,TeknoAXE,xxRWJu82J9E,https://www.youtube.com/watch?v=xxRWJu82J9E,CC BY 4.0,https://teknoaxe.com/,237,4,channel
D 드라마,D10_charthm,캐릭터 테마,Hatsune Miku - Lonely wolf,MusMus,NXDBGl31euE,https://www.youtube.com/watch?v=NXDBGl31euE,Free with attribution (musmus.main.jp),https://musmus.main.jp/,227,4,channel
D 드라마,D10_charthm,캐릭터 테마,"Lunar Cat Lounge - 2HTC, Season 15",Ben Burnes (Abstraction),HAJgBXA3JOI,https://www.youtube.com/watch?v=HAJgBXA3JOI,Free with attribution,https://abstractionmusic.com/,224,4,channel
D 드라마,D10_charthm,캐릭터 테마,"Upbeat Pirate Music ""Tachelbel's Cannon"" Royalty Free Theme for Games, Videos and All Your Projects!",Darren Curtis,ZeISbPaKa3U,https://www.youtube.com/watch?v=ZeISbPaKa3U,Free with attribution,https://www.darrencurtismusic.com/,167,3,channel
D 드라마,D10_charthm,캐릭터 테마,Rockin' with Caped Crusader Cat,Eric Matyas (Soundimage.org),wvPvdNJbkIU,https://www.youtube.com/watch?v=wvPvdNJbkIU,Free with attribution,https://soundimage.org/,162,3,channel
D 드라마,D10_charthm,캐릭터 테마,ループ -ロボット 機械 アンドロイドBGM by hitoshi /,Senses Circuit,0IUN1_Mfins,https://www.youtube.com/watch?v=0IUN1_Mfins,Free with attribution (senses-circuit.com),https://www.senses-circuit.com/,161,3,channel
D 드라마,D10_charthm,캐릭터 테마,Alexandr Zhelanov - Prince of Annexia,Alexandr Zhelanov,6w5Wo3piwx0,https://www.youtube.com/watch?v=6w5Wo3piwx0,CC BY 3.0/4.0,https://soundcloud.com/alexandr-zhelanov,150,3,channel
D 드라마,D10_charthm,캐릭터 테마,PANICPUMPKIN No.176 おじゃまやろうがでた,PANICPUMPKIN (みそか),wdIQhxVkmlU,https://www.youtube.com/watch?v=wdIQhxVkmlU,Free with attribution (panicpumpkin terms),https://pansound.com/panicpumpkin/,129,3,channel
D 드라마,D10_charthm,캐릭터 테마,ハヤシユウ 世界征服のテーマ（仮）,ハヤシユウ,y7ib3n6spW4,https://www.youtube.com/watch?v=y7ib3n6spW4,Free (DOVA-SYNDROME license),https://dova-s.jp/,116,3,channel
D 드라마,D10_charthm,캐릭터 테마,Golem's Haven,Visager,FW72wc5p4qs,https://www.youtube.com/watch?v=FW72wc5p4qs,CC BY 4.0,https://visager.bandcamp.com/,105,3,channel
D 드라마,D10_charthm,캐릭터 테마,Crossing the Chasm,Kevin MacLeod,2dzrxFpPR9E,https://www.youtube.com/watch?v=2dzrxFpPR9E,CC BY 4.0,https://incompetech.com/,197,2,incompetech
D 드라마,D10_charthm,캐릭터 테마,野良猫は宇宙を目指した (The stray cat aimed for space),しゃろう (Sharou),S5Xg7ZTc9RM,https://www.youtube.com/watch?v=S5Xg7ZTc9RM,Free (DOVA-SYNDROME license),https://dova-s.jp/,80,2,channel
D 드라마,D10_charthm,캐릭터 테마,Music for a Gloomy Wizard,Tim Beek,6zQaXTI1kmQ,https://www.youtube.com/watch?v=6zQaXTI1kmQ,Free with attribution (timbeek.com),https://timbeek.com/,53,1,channel
D 드라마,D10_charthm,캐릭터 테마,"Royalty Free Celtic Fantasy Music - ""The Lone Wolf""",Alexander Nakarada,RN1THCKeaNs,https://www.youtube.com/watch?v=RN1THCKeaNs,CC BY 4.0,https://www.creatorchords.com/,305,4,channel
D 드라마,D10_charthm,캐릭터 테마,Monplaisir - The Wolf Who Cried Wolf Adventures with Anxiety Soundtrack,Loyalty Freak Music / Komiku,5i0GQUpVOmI,https://www.youtube.com/watch?v=5i0GQUpVOmI,CC0,https://loyaltyfreakmusic.com/,217,4,channel
D 드라마,D10_charthm,캐릭터 테마,Take Me Out To The Ballgame - cat,Lee Rosevere,4AFXDPFqy_g,https://www.youtube.com/watch?v=4AFXDPFqy_g,CC BY 4.0,https://leerosevere.bandcamp.com/,55,1,channel
D 드라마,D10_charthm,캐릭터 테마,8bit 29 子猫のモンタのクッキー屋さん,魔王魂 (森田交一),HRI0fLbN-v8,https://www.youtube.com/watch?v=HRI0fLbN-v8,Free with attribution (maou.audio terms),https://maou.audio/,73,2,channel
D 드라마,D10_charthm,캐릭터 테마,Celtic Fantasy Music - The Green Dragon,Derek & Brandon Fiechter,_OT5hXl0uGY,https://www.youtube.com/watch?v=_OT5hXl0uGY,Free with attribution (non-commercial),https://www.youtube.com/@Fiechters,248,4,channel
D 드라마,D10_charthm,캐릭터 테마,子猫のお昼寝,DOVA-SYNDROME (official),xCgGsXd9-eY,https://www.youtube.com/watch?v=xCgGsXd9-eY,Free (DOVA-SYNDROME license),https://dova-s.jp/,160,3,channel
D 드라마,D10_charthm,캐릭터 테마,Robot Chomp - Glitch Hop,TeknoAXE,5YEctPhj44I,https://www.youtube.com/watch?v=5YEctPhj44I,CC BY 4.0,https://teknoaxe.com/,226,4,channel
D 드라마,D10_charthm,캐릭터 테마,dear Dragon Example of use: 100% Orange Juice Sweet Breaker's Theme etc.,MusMus,rYUynwQ38x0,https://www.youtube.com/watch?v=rYUynwQ38x0,Free with attribution (musmus.main.jp),https://musmus.main.jp/,195,4,channel
D 드라마,D10_charthm,캐릭터 테마,"Cat Tree House - 2HTC, Season 15",Ben Burnes (Abstraction),5kpnwI6BQRs,https://www.youtube.com/watch?v=5kpnwI6BQRs,Free with attribution,https://abstractionmusic.com/,217,4,channel
D 드라마,D10_charthm,캐릭터 테마,"Free Pirate Music ""A Robust Crew""",Darren Curtis,OY_gV_3A7MU,https://www.youtube.com/watch?v=OY_gV_3A7MU,Free with attribution,https://www.darrencurtismusic.com/,137,3,channel
D 드라마,D10_charthm,캐릭터 테마,The Awkward Princess Returns,Eric Matyas (Soundimage.org),HeoxqSv14cY,https://www.youtube.com/watch?v=HeoxqSv14cY,Free with attribution,https://soundimage.org/,157,3,channel
D 드라마,D10_charthm,캐릭터 테마,ドラ猫珍道中 by hitoshi /,Senses Circuit,YH-b0wzGEYE,https://www.youtube.com/watch?v=YH-b0wzGEYE,Free with attribution (senses-circuit.com),https://www.senses-circuit.com/,63,2,channel
D 드라마,D10_charthm,캐릭터 테마,PANICPUMPKIN No.232 せかいいちのだいてんさい,PANICPUMPKIN (みそか),eQXtkQmgGO8,https://www.youtube.com/watch?v=eQXtkQmgGO8,Free with attribution (panicpumpkin terms),https://pansound.com/panicpumpkin/,98,2,channel
D 드라마,D10_charthm,캐릭터 테마,ハヤシユウ 世界征服のテーマ（8bit sound）,ハヤシユウ,JJx1XUBYR-k,https://www.youtube.com/watch?v=JJx1XUBYR-k,Free (DOVA-SYNDROME license),https://dova-s.jp/,113,3,channel
D 드라마,D10_charthm,캐릭터 테마,Sage the Mage,Visager,KQaeLixRc1Q,https://www.youtube.com/watch?v=KQaeLixRc1Q,CC BY 4.0,https://visager.bandcamp.com/,35,1,channel
D 드라마,D10_charthm,캐릭터 테마,Cyborg Ninja,Kevin MacLeod,pcV-uoNGsz4,https://www.youtube.com/watch?v=pcV-uoNGsz4,CC BY 4.0,https://incompetech.com/,180,2,incompetech
D 드라마,D10_charthm,캐릭터 테마,The Wizard,Alexander Nakarada,5RYpokroNPA,https://www.youtube.com/watch?v=5RYpokroNPA,CC BY 4.0,https://www.creatorchords.com/,247,4,channel
D 드라마,D10_charthm,캐릭터 테마,Monplaisir - La balade du gentil robot,Loyalty Freak Music / Komiku,XUDPodPdLIY,https://www.youtube.com/watch?v=XUDPodPdLIY,CC0,https://loyaltyfreakmusic.com/,190,4,channel
D 드라마,D10_charthm,캐릭터 테마,猫動画に最適！アコースティック21,魔王魂 (森田交一),7jj7x4ehL3c,https://www.youtube.com/watch?v=7jj7x4ehL3c,Free with attribution (maou.audio terms),https://maou.audio/,51,1,channel
D 드라마,D11_festival,축제/무도회/극중극,可愛らしいハープのワルツ Wish5,PeriTune,pwTJTdJ8R5Q,https://www.youtube.com/watch?v=pwTJTdJ8R5Q,CC BY 4.0,https://peritune.com/,388,5,channel
D 드라마,D11_festival,축제/무도회/극중극,Grand Dark Waltz Allegro,Kevin MacLeod,k8uBvOE8z34,https://www.youtube.com/watch?v=k8uBvOE8z34,CC BY 4.0,https://incompetech.com/,385,5,incompetech
D 드라마,D11_festival,축제/무도회/극중극,Skyshapers Dance - Draconia OST - Ambient Fantasy Music,Vindsvept,oLXf_VjmX5w,https://www.youtube.com/watch?v=oLXf_VjmX5w,Free with attribution (non-commercial),https://vindsvept.bandcamp.com/,272,5,channel
D 드라마,D11_festival,축제/무도회/극중극,"""Block Party!"" Chill Fun Hip Hop Game Music",HeatleyBros,89H4jhuRKpo,https://www.youtube.com/watch?v=89H4jhuRKpo,Free with attribution,https://www.heatleybros.com/,258,5,channel
D 드라마,D11_festival,축제/무도회/극중극,Waltz of the Past - Piano/Classical,TeknoAXE,fPwYw3H7kaA,https://www.youtube.com/watch?v=fPwYw3H7kaA,CC BY 4.0,https://teknoaxe.com/,230,5,channel
D 드라마,D11_festival,축제/무도회/극중극,♩♫ Classical Piano and Orchestra Music ♪♬ - Ghibli's Waltz (Copyright and Royalty Free),Ross Bugden,BbOiqJJ5RxU,https://www.youtube.com/watch?v=BbOiqJJ5RxU,Free with attribution,https://www.youtube.com/@RossBugden,188,5,channel
D 드라마,D11_festival,축제/무도회/극중극,"Dark Piano Music Pripyat Pianos Demo ""Moonlight Dance""",Darren Curtis,AYUGLKPGW68,https://www.youtube.com/watch?v=AYUGLKPGW68,Free with attribution,https://www.darrencurtismusic.com/,172,5,channel
D 드라마,D11_festival,축제/무도회/극중극,another waltz from Calm After the Storm,Lee Rosevere,DJArVyIL_jA,https://www.youtube.com/watch?v=DJArVyIL_jA,CC BY 4.0,https://leerosevere.bandcamp.com/,121,5,channel
D 드라마,D11_festival,축제/무도회/극중극,"30 min BGM Sheep of the Far East, Dancing with the Telecaster / Sharou",しゃろう (Sharou),rWduBA8LWgo,https://www.youtube.com/watch?v=rWduBA8LWgo,Free (DOVA-SYNDROME license),https://dova-s.jp/,1792,4,channel
D 드라마,D11_festival,축제/무도회/극중극,30min Music You Should Be Dancing - Noiseless World,騒音のない世界 (Noiseless World),kAZef-zIXa8,https://www.youtube.com/watch?v=kAZef-zIXa8,Free with attribution,https://noiselessworld.net/,1685,4,channel
D 드라마,D11_festival,축제/무도회/극중극,Soft and Furious - Dancing in the closet,Loyalty Freak Music / Komiku,t8ZS-f3k25M,https://www.youtube.com/watch?v=t8ZS-f3k25M,CC0,https://loyaltyfreakmusic.com/,1674,4,channel
D 드라마,D11_festival,축제/무도회/극중극,ループ -民族・祭り・踊り by hitoshi /,Senses Circuit,6SLf5Iw9BLU,https://www.youtube.com/watch?v=6SLf5Iw9BLU,Free with attribution (senses-circuit.com),https://www.senses-circuit.com/,1120,4,channel
D 드라마,D11_festival,축제/무도회/극중극,魔王祭2023 エンディング 21:15〜 全アーティストダイジェスト,魔王魂 (森田交一),IsAR554XGFk,https://www.youtube.com/watch?v=IsAR554XGFk,Free with attribution (maou.audio terms),https://maou.audio/,509,4,channel
D 드라마,D11_festival,축제/무도회/극중극,Small and Distant Fireworks,Nihilore,RlEMZYWaIwc,https://www.youtube.com/watch?v=RlEMZYWaIwc,CC BY 4.0,https://www.nihilore.com/,335,4,channel
D 드라마,D11_festival,축제/무도회/극중극,Waltz of the Northern Light,Alexander Nakarada,lHsdcS4VRr4,https://www.youtube.com/watch?v=lHsdcS4VRr4,CC BY 4.0,https://www.creatorchords.com/,317,4,channel
D 드라마,D11_festival,축제/무도회/극중극,Alexandr Zhelanov - Dance with me one last time (FREE TO USE),Alexandr Zhelanov,TJqbBAZpvvU,https://www.youtube.com/watch?v=TJqbBAZpvvU,CC BY 3.0/4.0,https://soundcloud.com/alexandr-zhelanov,269,4,channel
D 드라마,D11_festival,축제/무도회/극중극,Club Sandwich Party - Lefto s (Back of the Fridge Remix),Ben Burnes (Abstraction),iB36A8_s1ak,https://www.youtube.com/watch?v=iB36A8_s1ak,Free with attribution,https://abstractionmusic.com/,261,4,channel
D 드라마,D11_festival,축제/무도회/극중극,Kai Engel - Fading Rays' Waltz - Music,Kai Engel,3wsiURg67jA,https://www.youtube.com/watch?v=3wsiURg67jA,CC BY 4.0,https://www.kai-engel.com/,243,4,channel
D 드라마,D11_festival,축제/무도회/극중극,Dark Waltz Music – Masquerade of the Ghosts,Derek & Brandon Fiechter,3rOtFevwHJw,https://www.youtube.com/watch?v=3rOtFevwHJw,Free with attribution (non-commercial),https://www.youtube.com/@Fiechters,241,4,channel
D 드라마,D11_festival,축제/무도회/극중극,ハヤシユウ ケバブのダンス,ハヤシユウ,o20XP6p8oro,https://www.youtube.com/watch?v=o20XP6p8oro,Free (DOVA-SYNDROME license),https://dova-s.jp/,235,4,channel
D 드라마,D11_festival,축제/무도회/극중극,ヒーローズ / ちょっと切ないピコピコ系ダンス曲 / フリー,MusMus,GF9Num516kA,https://www.youtube.com/watch?v=GF9Num516kA,Free with attribution (musmus.main.jp),https://musmus.main.jp/,208,4,channel
D 드라마,D11_festival,축제/무도회/극중극,'Winter Waltz' Cinematic Christmas,Scott Buckley,95gMHjyQjlo,https://www.youtube.com/watch?v=95gMHjyQjlo,CC BY 4.0,https://www.scottbuckley.com.au/,201,4,channel
D 드라마,D11_festival,축제/무도회/극중극,Party Reactor,DOVA-SYNDROME (official),wDoJY8Z6WCE,https://www.youtube.com/watch?v=wDoJY8Z6WCE,Free (DOVA-SYNDROME license),https://dova-s.jp/,200,4,channel
D 드라마,D11_festival,축제/무도회/극중극,Take a break from the absurdity of life with an equally absurd waltz,Meydän,ICwTOjd2YYw,https://www.youtube.com/watch?v=ICwTOjd2YYw,CC BY 4.0,https://meydan.bandcamp.com/,172,4,channel
D 드라마,D11_festival,축제/무도회/극중극,The Hairy Monsters Dance a Thon,Eric Matyas (Soundimage.org),zw_9Ic949n4,https://www.youtube.com/watch?v=zw_9Ic949n4,Free with attribution,https://soundimage.org/,165,4,channel
D 드라마,D11_festival,축제/무도회/극중극,Fun Fair,Trevor Lentz,AmVBj555Y2E,https://www.youtube.com/watch?v=AmVBj555Y2E,CC BY 3.0,https://opengameart.org/users/trevor-lentz,165,4,channel
D 드라마,D11_festival,축제/무도회/극중극,"Sergey Cheremisinov - MØRKE - Waltz ""The Inevitability"" ( music)",Sergey Cheremisinov,9pUoUBwjnuA,https://www.youtube.com/watch?v=9pUoUBwjnuA,CC BY 4.0,https://www.cheremisinov.com/,155,4,channel
D 드라마,D11_festival,축제/무도회/극중극,妖しいワルツ トレメイン夫人の厳格な規律,H/MIX GALLERY (秋山裕和),Fh8c7Q1InY8,https://www.youtube.com/watch?v=Fh8c7Q1InY8,Free with attribution (hmix.net terms),http://www.hmix.net/,146,4,channel
D 드라마,D11_festival,축제/무도회/극중극,Party Time /,Kyatto,bdtIYxT7AAE,https://www.youtube.com/watch?v=bdtIYxT7AAE,Free with attribution,https://www.youtube.com/@Kyatto,129,4,channel
D 드라마,D11_festival,축제/무도회/극중극,Visager Composition Reel - 2019,Visager,naameeVI4JQ,https://www.youtube.com/watch?v=naameeVI4JQ,CC BY 4.0,https://visager.bandcamp.com/,91,3,channel
D 드라마,D11_festival,축제/무도회/극중극,ピアノ＆弦の幻想的なワルツ Snowy_Day3,PeriTune,aEtc-L7Eadg,https://www.youtube.com/watch?v=aEtc-L7Eadg,CC BY 4.0,https://peritune.com/,242,5,channel
D 드라마,D11_festival,축제/무도회/극중극,Devonshire Waltz Allegretto,Kevin MacLeod,lyOKTvAVMP0,https://www.youtube.com/watch?v=lyOKTvAVMP0,CC BY 4.0,https://incompetech.com/,313,5,incompetech
D 드라마,D11_festival,축제/무도회/극중극,Fantasy Music - & Merrigan - Norrsken (1000 Subscriber Celebration),Vindsvept,a3yPtf2Esdg,https://www.youtube.com/watch?v=a3yPtf2Esdg,Free with attribution (non-commercial),https://vindsvept.bandcamp.com/,240,4,channel
D 드라마,D11_festival,축제/무도회/극중극,"""Dream Dance!"" Upbeat Funky Game Music",HeatleyBros,Zyfs30LzEiU,https://www.youtube.com/watch?v=Zyfs30LzEiU,Free with attribution,https://www.heatleybros.com/,217,4,channel
D 드라마,D11_festival,축제/무도회/극중극,Weekend Waltz - Piano/Background,TeknoAXE,ZuUKBn2IRq8,https://www.youtube.com/watch?v=ZuUKBn2IRq8,CC BY 4.0,https://teknoaxe.com/,208,5,channel
D 드라마,D11_festival,축제/무도회/극중극,Nella: Aria (Solo Piano),Ross Bugden,2lx5A_ajpIs,https://www.youtube.com/watch?v=2lx5A_ajpIs,Free with attribution,https://www.youtube.com/@RossBugden,179,5,channel
D 드라마,D11_festival,축제/무도회/극중극,"Hybrid Swing Dance Beat ""Swing Like Me"" for Cutting Some Rugs",Darren Curtis,GtXYUymQbV4,https://www.youtube.com/watch?v=GtXYUymQbV4,Free with attribution,https://www.darrencurtismusic.com/,184,4,channel
D 드라마,D11_festival,축제/무도회/극중극,Jessica Rhaye and the Ramshackle Parade - I Feel Fine Lee Rose e remix,Lee Rosevere,Ieyr70F8-vk,https://www.youtube.com/watch?v=Ieyr70F8-vk,CC BY 4.0,https://leerosevere.bandcamp.com/,229,4,channel
D 드라마,D11_festival,축제/무도회/극중극,"Sheep of the Far East, Dancing with the Telecaster / Sharou",しゃろう (Sharou),Cwj910TeKRQ,https://www.youtube.com/watch?v=Cwj910TeKRQ,Free (DOVA-SYNDROME license),https://dova-s.jp/,108,4,channel
D 드라마,D11_festival,축제/무도회/극중극,Loyalty Freak Music - Roller Disco Dance Dance !!!,Loyalty Freak Music / Komiku,MlMGs-xfyBk,https://www.youtube.com/watch?v=MlMGs-xfyBk,CC0,https://loyaltyfreakmusic.com/,1267,4,channel
D 드라마,D12_opening,오프닝 서곡/프롤로그,FMOD Studio: O view & Introduction,Matthew Pablo,xveKaN36QOA,https://www.youtube.com/watch?v=xveKaN36QOA,CC BY 3.0,https://matthewpablo.com/,1069,4,channel
D 드라마,D12_opening,오프닝 서곡/프롤로그,"A fantastic orchestra like the beginning of a story, ""World_OP2""",PeriTune,R4B-i9Mzf7Q,https://www.youtube.com/watch?v=R4B-i9Mzf7Q,CC BY 4.0,https://peritune.com/,476,4,channel
D 드라마,D12_opening,오프닝 서곡/프롤로그,Kai Engel - Snowfall (Intro) - Music,Kai Engel,dIqEDU-op88,https://www.youtube.com/watch?v=dIqEDU-op88,CC BY 4.0,https://www.kai-engel.com/,442,4,channel
D 드라마,D12_opening,오프닝 서곡/프롤로그,Nox Installer & Intro,Trevor Lentz,k_9dHdaX5s0,https://www.youtube.com/watch?v=k_9dHdaX5s0,CC BY 3.0,https://opengameart.org/users/trevor-lentz,390,4,channel
D 드라마,D12_opening,오프닝 서곡/프롤로그,Miami Nights Intro,Kevin MacLeod,Ds8-VsNazK0,https://www.youtube.com/watch?v=Ds8-VsNazK0,CC BY 4.0,https://incompetech.com/,312,4,channel
D 드라마,D12_opening,오프닝 서곡/프롤로그,Fury3 Intro - Re-Orchestration,Scott Buckley,su0R6bwX8dQ,https://www.youtube.com/watch?v=su0R6bwX8dQ,CC BY 4.0,https://www.scottbuckley.com.au/,240,4,channel
D 드라마,D12_opening,오프닝 서곡/프롤로그,Golden Axe 2 Intro Theme (remix),Nihilore,A3vqpdbD6-o,https://www.youtube.com/watch?v=A3vqpdbD6-o,CC BY 4.0,https://www.nihilore.com/,230,4,channel
D 드라마,D12_opening,오프닝 서곡/프롤로그,Dreamy Game Intro,Eric Matyas (Soundimage.org),5g7win-SwJI,https://www.youtube.com/watch?v=5g7win-SwJI,Free with attribution,https://soundimage.org/,115,4,channel
D 드라마,D12_opening,오프닝 서곡/프롤로그,"""Prologue"" + ""Winter's End"" Hopeful Mysterious Music Story",HeatleyBros,1Ch3Saaa8AM,https://www.youtube.com/watch?v=1Ch3Saaa8AM,Free with attribution,https://www.heatleybros.com/,176,3,channel
D 드라마,D12_opening,오프닝 서곡/프롤로그,Meydän - Hopepunk: Opening,Meydän,iNSInQLrNn8,https://www.youtube.com/watch?v=iNSInQLrNn8,CC BY 4.0,https://meydan.bandcamp.com/,142,3,channel
D 드라마,D12_opening,오프닝 서곡/프롤로그,3 Epic Royalty Free Intro Outro Themes,Alexander Nakarada,Ydj4SMc9hvg,https://www.youtube.com/watch?v=Ydj4SMc9hvg,CC BY 4.0,https://www.creatorchords.com/,141,3,channel
D 드라마,D12_opening,오프닝 서곡/프롤로그,Ableton Training Wheels - Downtempo/Intro,TeknoAXE,NygXTAOBFBE,https://www.youtube.com/watch?v=NygXTAOBFBE,CC BY 4.0,https://teknoaxe.com/,134,3,channel
D 드라마,D12_opening,오프닝 서곡/프롤로그,The Grudge Intro Re-Score,Darren Curtis,SmMMSgQ5OBQ,https://www.youtube.com/watch?v=SmMMSgQ5OBQ,Free with attribution,https://www.darrencurtismusic.com/,123,3,channel
D 드라마,D12_opening,오프닝 서곡/프롤로그,Alexandr Zhelanov - MA Project Intro (FREE TO USE),Alexandr Zhelanov,G3oWyKpfwAg,https://www.youtube.com/watch?v=G3oWyKpfwAg,CC BY 3.0/4.0,https://soundcloud.com/alexandr-zhelanov,108,3,channel
D 드라마,D12_opening,오프닝 서곡/프롤로그,PROLOGUE by hitoshi /,Senses Circuit,OoWlehm7rgI,https://www.youtube.com/watch?v=OoWlehm7rgI,Free with attribution (senses-circuit.com),https://www.senses-circuit.com/,82,2,channel
D 드라마,D12_opening,오프닝 서곡/프롤로그,楽しいイベントのオープニングなどに！ O ture !,H/MIX GALLERY (秋山裕和),8U7XRoRWTbA,https://www.youtube.com/watch?v=8U7XRoRWTbA,Free with attribution (hmix.net terms),http://www.hmix.net/,72,2,channel
D 드라마,D12_opening,오프닝 서곡/프롤로그,♩♫ Epic Movie/TV Intro Music ♪♬ - The Game is On (Royalty Free),Ross Bugden,5dasaVm7L-Y,https://www.youtube.com/watch?v=5dasaVm7L-Y,Free with attribution,https://www.youtube.com/@RossBugden,71,2,channel
D 드라마,D12_opening,오프닝 서곡/프롤로그,The Introduction,Tim Beek,kV_1Xptpgrs,https://www.youtube.com/watch?v=kV_1Xptpgrs,Free with attribution (timbeek.com),https://timbeek.com/,62,2,channel
D 드라마,D12_opening,오프닝 서곡/프롤로그,Adventure Time WTF Intro,Visager,6yEHhc7Zb3M,https://www.youtube.com/watch?v=6yEHhc7Zb3M,CC BY 4.0,https://visager.bandcamp.com/,26,1,channel
D 드라마,D12_opening,오프닝 서곡/프롤로그,ファンタジー映画・ゲームの物語の始まりを想起させるオーケストラ曲 Odyssey,PeriTune,UbwJKnv48jo,https://www.youtube.com/watch?v=UbwJKnv48jo,CC BY 4.0,https://peritune.com/,201,4,channel
D 드라마,D12_opening,오프닝 서곡/프롤로그,Kai Engel - Prologue - Music,Kai Engel,6AOrruwvW64,https://www.youtube.com/watch?v=6AOrruwvW64,CC BY 4.0,https://www.kai-engel.com/,221,4,channel
D 드라마,D12_opening,오프닝 서곡/프롤로그,Deus Ex Intro 1080p HD 60fps,Trevor Lentz,Mcbwsuhhzxk,https://www.youtube.com/watch?v=Mcbwsuhhzxk,CC BY 3.0,https://opengameart.org/users/trevor-lentz,263,4,channel
D 드라마,D12_opening,오프닝 서곡/프롤로그,EDM Detection Mode,Kevin MacLeod,laHl-aFZUJI,https://www.youtube.com/watch?v=laHl-aFZUJI,CC BY 4.0,https://incompetech.com/,366,2,incompetech
D 드라마,D12_opening,오프닝 서곡/프롤로그,SciFi RPG Intro,Eric Matyas (Soundimage.org),WuBCwb0NNi4,https://www.youtube.com/watch?v=WuBCwb0NNi4,Free with attribution,https://soundimage.org/,80,2,channel
D 드라마,D12_opening,오프닝 서곡/프롤로그,Before the Fall | Epic Fantasy Intro Music | Royalty Free Human Made Music,Alexander Nakarada,oNkR7djaJSc,https://www.youtube.com/watch?v=oNkR7djaJSc,CC BY 4.0,https://www.creatorchords.com/,123,3,channel
D 드라마,D12_opening,오프닝 서곡/프롤로그,Lighthearted Introduction: Frozen Sword Soundtrack,Darren Curtis,vsoyD1SsHXs,https://www.youtube.com/watch?v=vsoyD1SsHXs,Free with attribution,https://www.darrencurtismusic.com/,91,2,channel
D 드라마,D12_opening,오프닝 서곡/프롤로그,始まりの時 by hitoshi /,Senses Circuit,8Ii8sNnrNJo,https://www.youtube.com/watch?v=8Ii8sNnrNJo,Free with attribution (senses-circuit.com),https://www.senses-circuit.com/,55,1,channel
D 드라마,D12_opening,오프닝 서곡/프롤로그,黄昏のプロローグ 公式・高音質 冒険を予感させるＢＧＭ,H/MIX GALLERY (秋山裕和),7_rTUxUroT8,https://www.youtube.com/watch?v=7_rTUxUroT8,Free with attribution (hmix.net terms),http://www.hmix.net/,61,2,channel
D 드라마,D12_opening,오프닝 서곡/프롤로그,Team Introduction,Tim Beek,k5Kesk5Nsxw,https://www.youtube.com/watch?v=k5Kesk5Nsxw,Free with attribution (timbeek.com),https://timbeek.com/,53,1,channel
D 드라마,D12_opening,오프닝 서곡/프롤로그,一日の始まりのような静かで心地よい曲 Daybreak,PeriTune,yzyz0-K_ohs,https://www.youtube.com/watch?v=yzyz0-K_ohs,CC BY 4.0,https://peritune.com/,97,3,channel
D 드라마,D12_opening,오프닝 서곡/프롤로그,Kai Engel - Intro(.udonthear) - Music,Kai Engel,dvDMLiGbqVA,https://www.youtube.com/watch?v=dvDMLiGbqVA,CC BY 4.0,https://www.kai-engel.com/,64,2,channel
D 드라마,D12_opening,오프닝 서곡/프롤로그,RPG Intro,Eric Matyas (Soundimage.org),X-ZXeSdapuM,https://www.youtube.com/watch?v=X-ZXeSdapuM,Free with attribution,https://soundimage.org/,59,1,channel
D 드라마,D12_opening,오프닝 서곡/프롤로그,Fantasy / Tabletop / DnD Intro & Outro Music,Alexander Nakarada,fDsGFGJ9INA,https://www.youtube.com/watch?v=fDsGFGJ9INA,CC BY 4.0,https://www.creatorchords.com/,117,3,channel
D 드라마,D12_opening,오프닝 서곡/프롤로그,Medieval Blacksmith Intro | Fantasy Music,Tim Beek,vPZbkM_FkaQ,https://www.youtube.com/watch?v=vPZbkM_FkaQ,Free with attribution (timbeek.com),https://timbeek.com/,40,1,channel
D 드라마,D12_opening,오프닝 서곡/프롤로그,Horror Game Intro,Eric Matyas (Soundimage.org),eIfQzO0AUNg,https://www.youtube.com/watch?v=eIfQzO0AUNg,Free with attribution,https://soundimage.org/,46,1,channel
D 드라마,D12_opening,오프닝 서곡/프롤로그,Background Music // Blockbuster Intro,Alexander Nakarada,ZnSYjL761C8,https://www.youtube.com/watch?v=ZnSYjL761C8,CC BY 4.0,https://www.creatorchords.com/,112,3,channel
D 드라마,D12_opening,오프닝 서곡/프롤로그,Tim Beek - Dramatic String Quartet Intro Music for Media,Tim Beek,QJQPoBwx3gs,https://www.youtube.com/watch?v=QJQPoBwx3gs,Free with attribution (timbeek.com),https://timbeek.com/,33,1,channel
D 드라마,D12_opening,오프닝 서곡/프롤로그,Cool Adventure Intro,Eric Matyas (Soundimage.org),fHQ25CZC4Pc,https://www.youtube.com/watch?v=fHQ25CZC4Pc,Free with attribution,https://soundimage.org/,35,1,channel
D 드라마,D12_opening,오프닝 서곡/프롤로그,VIking Intro +,Alexander Nakarada,E_L5n7qYWLw,https://www.youtube.com/watch?v=E_L5n7qYWLw,CC BY 4.0,https://www.creatorchords.com/,95,2,channel
D 드라마,D12_opening,오프닝 서곡/프롤로그,Cool Adventure Intro,Eric Matyas (Soundimage.org),H5rypuH3ZhM,https://www.youtube.com/watch?v=H5rypuH3ZhM,Free with attribution,https://soundimage.org/,35,1,channel
D 드라마,D13_ending,엔딩/피날레/스태프롤,Ossuary 7 - Resolve,Kevin MacLeod,O-lwE7qJDRk,https://www.youtube.com/watch?v=O-lwE7qJDRk,CC BY 4.0,https://incompetech.com/,258,5,incompetech
D 드라마,D13_ending,엔딩/피날레/스태프롤,Piano improvisation for the end of the year,Meydän,qzTIZHz9FtU,https://www.youtube.com/watch?v=qzTIZHz9FtU,CC BY 4.0,https://meydan.bandcamp.com/,186,5,channel
D 드라마,D13_ending,엔딩/피날레/스태프롤,"Free Dark Piano and Strings ""Darkness at the End of the Tunnel""",Darren Curtis,cvMrRwpUxf4,https://www.youtube.com/watch?v=cvMrRwpUxf4,Free with attribution,https://www.darrencurtismusic.com/,134,5,channel
D 드라마,D13_ending,엔딩/피날레/스태프롤,Ambient Rockotronic → The End,Alexander Nakarada,R6_WVGPNrWA,https://www.youtube.com/watch?v=R6_WVGPNrWA,CC BY 4.0,https://www.creatorchords.com/,113,5,channel
D 드라마,D13_ending,엔딩/피날레/스태프롤,"Chris Zabriskie - ""Chance, Luck, Errors in Nature, Fate, Destruction As a Finale""",Chris Zabriskie,bLwY_SCu0b4,https://www.youtube.com/watch?v=bLwY_SCu0b4,CC BY 4.0,https://chriszabriskie.com/,658,4,channel
D 드라마,D13_ending,엔딩/피날레/스태프롤,The End of Almost E ything - The Disco y,Ben Burnes (Abstraction),3IcmilEozq4,https://www.youtube.com/watch?v=3IcmilEozq4,Free with attribution,https://abstractionmusic.com/,590,4,channel
D 드라마,D13_ending,엔딩/피날레/스태프롤,A Mundane Conclusion,Nihilore,c9I1mU1cpaY,https://www.youtube.com/watch?v=c9I1mU1cpaY,CC BY 4.0,https://www.nihilore.com/,418,4,channel
D 드라마,D13_ending,엔딩/피날레/스태프롤,The End of Winter - Soundscape/Suspense,TeknoAXE,MQYzGVq0WYc,https://www.youtube.com/watch?v=MQYzGVq0WYc,CC BY 4.0,https://teknoaxe.com/,263,4,channel
D 드라마,D13_ending,엔딩/피날레/스태프롤,Komiku - Poupi's Incredible adventures ! *Ending*,Loyalty Freak Music / Komiku,xryYcD836LM,https://www.youtube.com/watch?v=xryYcD836LM,CC0,https://loyaltyfreakmusic.com/,239,4,channel
D 드라마,D13_ending,엔딩/피날레/스태프롤,ループ -スロット レギュラー エンディングBGM by hitoshi /,Senses Circuit,GzFWbhBIkw4,https://www.youtube.com/watch?v=GzFWbhBIkw4,Free with attribution (senses-circuit.com),https://www.senses-circuit.com/,226,4,channel
D 드라마,D13_ending,엔딩/피날레/스태프롤,"""8 Bit Ending!"" Nostalgic Upbeat Game Music",HeatleyBros,2OMbHr-1kM4,https://www.youtube.com/watch?v=2OMbHr-1kM4,Free with attribution,https://www.heatleybros.com/,226,4,channel
D 드라마,D13_ending,엔딩/피날레/스태프롤,Sappheiros - Afterglow,Sappheiros,itoVyQVZN7Q,https://www.youtube.com/watch?v=itoVyQVZN7Q,CC BY 3.0,https://soundcloud.com/sappheirosmusic,212,4,channel
D 드라마,D13_ending,엔딩/피날레/스태프롤,Happy End /,Kyatto,lOrhtx5SVlo,https://www.youtube.com/watch?v=lOrhtx5SVlo,Free with attribution,https://www.youtube.com/@Kyatto,209,4,channel
D 드라마,D13_ending,엔딩/피날레/스태프롤,Emotional/Fantasy Music - - Until The End,Vindsvept,LF21VOQvzEs,https://www.youtube.com/watch?v=LF21VOQvzEs,Free with attribution (non-commercial),https://vindsvept.bandcamp.com/,201,4,channel
D 드라마,D13_ending,엔딩/피날레/스태프롤,"Hand in Hand (closing credits of ""Size Small"")",Lee Rosevere,97BIDCnaQ9E,https://www.youtube.com/watch?v=97BIDCnaQ9E,CC BY 4.0,https://leerosevere.bandcamp.com/,179,4,channel
D 드라마,D13_ending,엔딩/피날레/스태프롤,Lingering Afterglow,DOVA-SYNDROME (official),JZmAL-S2d0Q,https://www.youtube.com/watch?v=JZmAL-S2d0Q,Free (DOVA-SYNDROME license),https://dova-s.jp/,178,4,channel
D 드라마,D13_ending,엔딩/피날레/스태프롤,Kai Engel - At the End E yone Dies - Music,Kai Engel,yMk107cy8X8,https://www.youtube.com/watch?v=yMk107cy8X8,CC BY 4.0,https://www.kai-engel.com/,162,4,channel
D 드라마,D13_ending,엔딩/피날레/스태프롤,Sergey Cheremisinov - Gateway - Death Is Not The End ( music),Sergey Cheremisinov,_m6RPzkz8sQ,https://www.youtube.com/watch?v=_m6RPzkz8sQ,CC BY 4.0,https://www.cheremisinov.com/,141,4,channel
D 드라마,D13_ending,엔딩/피날레/스태프롤,Música Sin Copyright - Happy Ending,Patrick de Arteaga,Uc6Z-3EmXww,https://www.youtube.com/watch?v=Uc6Z-3EmXww,CC BY 4.0,https://patrickdearteaga.com/,135,4,channel
D 드라마,D13_ending,엔딩/피날레/스태프롤,Closing in on the Loot,Eric Matyas (Soundimage.org),ndq_Yhi8UL4,https://www.youtube.com/watch?v=ndq_Yhi8UL4,Free with attribution,https://soundimage.org/,94,3,channel
D 드라마,D13_ending,엔딩/피날레/스태프롤,PANICPUMPKIN No.172 この世界のエピローグ,PANICPUMPKIN (みそか),Ob18B9QTa94,https://www.youtube.com/watch?v=Ob18B9QTa94,Free with attribution (panicpumpkin terms),https://pansound.com/panicpumpkin/,94,3,channel
D 드라마,D13_ending,엔딩/피날레/스태프롤,Only If Soundtrack (Steven O'Brien) - 9. Black Pawn Finale,Steven O'Brien,UKydfYs5C9s,https://www.youtube.com/watch?v=UKydfYs5C9s,CC BY 4.0,https://www.steven-obrien.net/,86,3,channel
D 드라마,D13_ending,엔딩/피날레/스태프롤,The End For Now (Medium) - EXTREME MEATPUNKS FORE : POWERED BY BLOOD OST,Visager,Atx5G4Ey8g8,https://www.youtube.com/watch?v=Atx5G4Ey8g8,CC BY 4.0,https://visager.bandcamp.com/,95,1,channel
D 드라마,D13_ending,엔딩/피날레/스태프롤,Pepper's Theme,Kevin MacLeod,2D2IPwsFZoA,https://www.youtube.com/watch?v=2D2IPwsFZoA,CC BY 4.0,https://incompetech.com/,234,5,incompetech
D 드라마,D13_ending,엔딩/피날레/스태프롤,Afterglow – Cinematic Piano Rock Ballad | Emotional #royaltyfreemusic,Alexander Nakarada,YfmX6tWj92s,https://www.youtube.com/watch?v=YfmX6tWj92s,CC BY 4.0,https://www.creatorchords.com/,111,5,channel
D 드라마,D13_ending,엔딩/피날레/스태프롤,The End of Almost E ything - Uni sal Resonance,Ben Burnes (Abstraction),-BCkDrI_g-k,https://www.youtube.com/watch?v=-BCkDrI_g-k,Free with attribution,https://abstractionmusic.com/,472,4,channel
D 드라마,D13_ending,엔딩/피날레/스태프롤,Coming Home,Nihilore,_AVkl1fzYUw,https://www.youtube.com/watch?v=_AVkl1fzYUw,CC BY 4.0,https://www.nihilore.com/,227,4,channel
D 드라마,D13_ending,엔딩/피날레/스태프롤,Fond Farewell - Sentimental Ending Game Music,HeatleyBros,R19v5WJK9kE,https://www.youtube.com/watch?v=R19v5WJK9kE,Free with attribution,https://www.heatleybros.com/,157,4,channel
D 드라마,D13_ending,엔딩/피날레/스태프롤,終わりゆく夏を偲んで,DOVA-SYNDROME (official),9s1GWNqFiPU,https://www.youtube.com/watch?v=9s1GWNqFiPU,Free (DOVA-SYNDROME license),https://dova-s.jp/,139,4,channel
D 드라마,D13_ending,엔딩/피날레/스태프롤,Closing In,Eric Matyas (Soundimage.org),_SLeU8r1vqs,https://www.youtube.com/watch?v=_SLeU8r1vqs,Free with attribution,https://soundimage.org/,80,3,channel
D 드라마,D13_ending,엔딩/피날레/스태프롤,Only If Soundtrack (Steven O'Brien) - 24. Black Pawn Finale (Unused Early ),Steven O'Brien,_SaxYkXXdrU,https://www.youtube.com/watch?v=_SaxYkXXdrU,CC BY 4.0,https://www.steven-obrien.net/,55,2,channel
D 드라마,D13_ending,엔딩/피날레/스태프롤,The End For Now (REAL BIG) - EXTREME MEATPUNKS FORE : POWERED BY BLOOD OST,Visager,TQwjkdl1oHI,https://www.youtube.com/watch?v=TQwjkdl1oHI,CC BY 4.0,https://visager.bandcamp.com/,95,1,channel
D 드라마,D13_ending,엔딩/피날레/스태프롤,Werq,Kevin MacLeod,Mf9WroOPCwI,https://www.youtube.com/watch?v=Mf9WroOPCwI,CC BY 4.0,https://incompetech.com/,162,5,incompetech
D 드라마,D13_ending,엔딩/피날레/스태프롤,"Royalty Free Celtic Fantasy - ""Until the End""",Alexander Nakarada,fGSFuq-x7tM,https://www.youtube.com/watch?v=fGSFuq-x7tM,CC BY 4.0,https://www.creatorchords.com/,270,4,channel
D 드라마,D13_ending,엔딩/피날레/스태프롤,The End of Almost E ything - The End of Almost E ything,Ben Burnes (Abstraction),h4WGJVX4eaE,https://www.youtube.com/watch?v=h4WGJVX4eaE,Free with attribution,https://abstractionmusic.com/,417,4,channel
D 드라마,D13_ending,엔딩/피날레/스태프롤,夢の終わり,DOVA-SYNDROME (official),TgojXipkbt8,https://www.youtube.com/watch?v=TgojXipkbt8,Free (DOVA-SYNDROME license),https://dova-s.jp/,100,4,channel
D 드라마,D13_ending,엔딩/피날레/스태프롤,Bitter Sweet Ending,Eric Matyas (Soundimage.org),P2hUa7-TIBs,https://www.youtube.com/watch?v=P2hUa7-TIBs,Free with attribution,https://soundimage.org/,76,3,channel
D 드라마,D13_ending,엔딩/피날레/스태프롤,Mighty Like Us,Kevin MacLeod,5j8D6lOUM3U,https://www.youtube.com/watch?v=5j8D6lOUM3U,CC BY 4.0,https://incompetech.com/,241,4,incompetech
D 드라마,D13_ending,엔딩/피날레/스태프롤,"""Finale (pt.1 & pt.2)"" Royalty Free Cinematic Music",Alexander Nakarada,0iYp7vNwCj8,https://www.youtube.com/watch?v=0iYp7vNwCj8,CC BY 4.0,https://www.creatorchords.com/,240,4,channel
D 드라마,D13_ending,엔딩/피날레/스태프롤,The End of Almost E ything - E ything Fades,Ben Burnes (Abstraction),_IdIr8t4-js,https://www.youtube.com/watch?v=_IdIr8t4-js,Free with attribution,https://abstractionmusic.com/,409,4,channel
